﻿Id,Domain Name,Price,Total Price,Status,Anchortext,Linktarget,Publication Date,Note
1,backlinked.com,"550,00 €","627,00 €",Cancelled,First Test,https://backlinked.com/,0000-00-00,Note is note
2,getbootstrap.com,"422,00 €","422,00 €",MissingDetails,Anchor text hereee,https://backlinked.com/,0000-00-00,Note is note
3,backlinked.com,"550,00 €","627,00 €",Pending,Testing,https://getbootstrap.com/docs/4.0/utilities/flex/111,2023-12-30,Noteeeeeeeeeeeeee
4,chat.openai.com,"850,00 €","927,00 €",Cancelled,121212,https://getbootstrap.com/docs/4.0/utilities/flex/,0000-00-00,fgfg
5,google.com,"350,00 €","350,00 €",Pending,sdsd,https://backlinked.com/,2024-01-27,Testing
6,chat.openai.com,"850,00 €","850,00 €",Pending,Backlinked,https://backlinked.com/,2024-01-31,
7,google.com,"350,00 €","350,00 €",Pending,25012024,https://p1.2024web.com/,2024-04-15,15042024
8,placeholder.com,"1.050,00 €","1.050,00 €",Pending,FairlLinked,https://p1.2024web.com/,0000-00-00,FairlLinked
9,backlinked.com,"550,00 €","550,00 €",Pending,bestprojectmanagementtool,http://fairlinked.bestprojectmanagementtool.com,0000-00-00,
10,getbootstrap.com,"422,00 €","422,00 €",Pending,Stripe,https://stripe.com/docs/testing,2024-01-31,Note test for change`
11,google.com,"350,00 €","350,00 €",Pending,Note after placeorder view summary,https://stripe.com,2024-02-01,Note after placeorder view summary`
12,google.com,"350,00 €","350,00 €",Pending,Backlinked,https://mail.google.com/,2024-02-10,Gtesoo
13,placeholder.com,"1.050,00 €","1.050,00 €",Pending,Local`,http://localhost,2024-02-15,Localhost
14,chat.openai.com,"850,00 €","927,00 €",Pending,,https://stackoverflow.com/,2024-01-31,Stack
15,getbootstrap.com,"422,00 €","422,00 €",Pending,Backlinked,https://getbootstrap.com/docs/4.0/utilities/flex/111,2024-01-31,sdsdsds
16,backlinked.com,"550,00 €","627,00 €",Pending,,https://backlinked.com/,2024-01-31,sdsds
17,chat.openai.com,"850,00 €","850,00 €",Pending,22222222222222222,https://backlinked.com/,0000-00-00,d