{
	"info": {
		"_postman_id": "86439237-0d70-4682-885f-17e1e333d534",
		"name": "Backlink update",
		"schema": "https://schema.getpostman.com/json/collection/v2.1.0/collection.json",
		"_exporter_id": "8905890"
	},
	"item": [
		{
			"name": "Register",
			"request": {
				"method": "POST",
				"header": [],
				"body": {
					"mode": "formdata",
					"formdata": [
						{
							"key": "file",
							"type": "file",
							"src": "/C:/Users/rjnag/Downloads/default.png"
						},
						{
							"key": "email",
							"value": "test@gmail.com",
							"type": "text"
						},
						{
							"key": "firstName",
							"value": "Test",
							"type": "text"
						},
						{
							"key": "lastName",
							"value": "Customer",
							"type": "text"
						},
						{
							"key": "password",
							"value": "123456",
							"type": "text"
						},
						{
							"key": "phone",
							"value": "1234567809",
							"type": "text"
						}
					]
				},
				"url": {
					"raw": "http://localhost:3000/signup",
					"protocol": "http",
					"host": [
						"localhost"
					],
					"port": "3000",
					"path": [
						"signup"
					],
					"query": [
						{
							"key": "",
							"value": "",
							"disabled": true
						}
					]
				}
			},
			"response": []
		},
		{
			"name": "Login",
			"request": {
				"method": "POST",
				"header": [],
				"body": {
					"mode": "formdata",
					"formdata": [
						{
							"key": "email",
							"value": "customer@test.com",
							"type": "text"
						},
						{
							"key": "password",
							"value": "123456",
							"type": "text"
						}
					]
				},
				"url": {
					"raw": "http://localhost:3000/signin",
					"protocol": "http",
					"host": [
						"localhost"
					],
					"port": "3000",
					"path": [
						"signin"
					]
				}
			},
			"response": []
		},
		{
			"name": "Forgot Password Link generate",
			"request": {
				"method": "POST",
				"header": [],
				"body": {
					"mode": "raw",
					"raw": "{\r\n    \"email\":\"nagherajayesh2087@gmail.com\"\r\n}",
					"options": {
						"raw": {
							"language": "json"
						}
					}
				},
				"url": {
					"raw": "http://localhost:3000/ForgotPasswordLink",
					"protocol": "http",
					"host": [
						"localhost"
					],
					"port": "3000",
					"path": [
						"ForgotPasswordLink"
					]
				}
			},
			"response": []
		},
		{
			"name": "change password",
			"request": {
				"method": "POST",
				"header": [],
				"body": {
					"mode": "raw",
					"raw": "{\r\n    \"password\":\"111222\"\r\n}",
					"options": {
						"raw": {
							"language": "json"
						}
					}
				},
				"url": {
					"raw": "http://localhost:3000/forgotPassword/eyJhbGciOiJIUzI1NiIsInR5cCI6IkpXVCJ9.eyJlbWFpbCI6Im5hZ2hlcmFqYXllc2gyMDg3QGdtYWlsLmNvbSIsImlhdCI6MTY5NDYwNjc1OCwiZXhwIjoxNjk0NjA3MzU4fQ.VL8axfUjj3XkM1F3DR-FIgMCi86K4-KQgzljSyBKgP0",
					"protocol": "http",
					"host": [
						"localhost"
					],
					"port": "3000",
					"path": [
						"forgotPassword",
						"eyJhbGciOiJIUzI1NiIsInR5cCI6IkpXVCJ9.eyJlbWFpbCI6Im5hZ2hlcmFqYXllc2gyMDg3QGdtYWlsLmNvbSIsImlhdCI6MTY5NDYwNjc1OCwiZXhwIjoxNjk0NjA3MzU4fQ.VL8axfUjj3XkM1F3DR-FIgMCi86K4-KQgzljSyBKgP0"
					]
				}
			},
			"response": []
		},
		{
			"name": "Email Verify",
			"request": {
				"method": "POST",
				"header": [],
				"url": {
					"raw": "http://localhost:3000/verify/email/eyJhbGciOiJIUzI1NiIsInR5cCI6IkpXVCJ9.eyJlbWFpbCI6ImN1c3RvbWVyQHRlc3QuY29tIiwiaWF0IjoxNjk1MTk2NDYzLCJleHAiOjE2OTUxOTcwNjN9.7SN0Y3y5mkyYvexACVSlWwBinEJSvNz3sIqUcSXOifQ",
					"protocol": "http",
					"host": [
						"localhost"
					],
					"port": "3000",
					"path": [
						"verify",
						"email",
						"eyJhbGciOiJIUzI1NiIsInR5cCI6IkpXVCJ9.eyJlbWFpbCI6ImN1c3RvbWVyQHRlc3QuY29tIiwiaWF0IjoxNjk1MTk2NDYzLCJleHAiOjE2OTUxOTcwNjN9.7SN0Y3y5mkyYvexACVSlWwBinEJSvNz3sIqUcSXOifQ"
					]
				}
			},
			"response": []
		},
		{
			"name": "Email template add as Admin",
			"request": {
				"auth": {
					"type": "bearer",
					"bearer": [
						{
							"key": "token",
							"value": "eyJhbGciOiJIUzI1NiIsInR5cCI6IkpXVCJ9.eyJ1c2VySWQiOjIsImlhdCI6MTY5NDYwNzA3MCwiZXhwIjoxNjk4MjA3MDcwfQ.p8FRm6BUwiInwEO_8Fu-nnwrSduItyicJPQqCZAPWjk",
							"type": "string"
						}
					]
				},
				"method": "POST",
				"header": [],
				"body": {
					"mode": "formdata",
					"formdata": [
						{
							"key": "email_title",
							"value": "Subscription Confirmed",
							"type": "text"
						},
						{
							"key": "email_type",
							"value": "subscription_purchase",
							"type": "text"
						},
						{
							"key": "email_content",
							"value": "<table width=\"100%\" cellpadding=\"0\" cellspacing=\"0\">\n    <tr>\n        <td align=\"center\">\n            <table width=\"600\" cellpadding=\"0\" cellspacing=\"0\" style=\"background-color: #ffffff; padding: 20px;\">\n                <tr>\n                    <td align=\"center\" style=\"padding: 30px 0;\">\n                        <h1 style=\"color: #333; font-size: 28px; margin: 0;\">Subscription Confirmed</h1>\n                    </td>\n                </tr>\n                <tr>\n                    <td style=\"padding: 20px;\">\n                        <p style=\"color: #555; font-size: 16px; line-height: 1.5;\">\n                            Dear {username},<br><br>\n                            Thank you for subscribing to our plan. You're now part of our exclusive community!<br><br>\n                            Here are your subscription details:<br>\n                        </p>\n                        <ul style=\"list-style: none; padding-left: 0;\">\n                            <li><strong>Plan Name:</strong> {planname}</li>\n                            <li><strong>Price:</strong> {price}</li>\n                            <li><strong>Start Date:</strong> {startdate}</li>\n                            <li><strong>End Date:</strong> {enddate}</li>\n                        </ul>\n                        <p style=\"color: #555; font-size: 16px; line-height: 1.5;\">\n                            If you have any questions or need assistance, feel free to contact our support team.<br><br>\n                        </p>\n                    </td>\n                </tr>\n                <tr>\n                    <td align=\"center\" style=\"background-color: #f2f2f2; padding: 20px 0;\">\n                        <p style=\"color: #777; font-size: 14px;\">Best regards, <b>Backlink.com<b></p>\n                    </td>\n                </tr>\n            </table>\n        </td>\n    </tr>\n</table>",
							"type": "text"
						},
						{
							"key": "header",
							"value": "Your Subscription is Confirmed.",
							"type": "text"
						},
						{
							"key": "file",
							"type": "file",
							"src": []
						}
					]
				},
				"url": {
					"raw": "http://localhost:3000/emailTemplate/add",
					"protocol": "http",
					"host": [
						"localhost"
					],
					"port": "3000",
					"path": [
						"emailTemplate",
						"add"
					]
				}
			},
			"response": []
		},
		{
			"name": "Email Template delete as admin",
			"request": {
				"auth": {
					"type": "bearer",
					"bearer": [
						{
							"key": "token",
							"value": "eyJhbGciOiJIUzI1NiIsInR5cCI6IkpXVCJ9.eyJ1c2VySWQiOjEsImlhdCI6MTY5NDU5MDYxNywiZXhwIjoxNjk4MTkwNjE3fQ.BtGqjR_AiqBP1xYCNjZvNqnKNgQDXVbbF9_LFSF0AMg",
							"type": "string"
						}
					]
				},
				"method": "POST",
				"header": [],
				"url": {
					"raw": "http://localhost:3000/emailTemplate/delete/4",
					"protocol": "http",
					"host": [
						"localhost"
					],
					"port": "3000",
					"path": [
						"emailTemplate",
						"delete",
						"4"
					]
				}
			},
			"response": []
		},
		{
			"name": "Email template list as admin",
			"request": {
				"auth": {
					"type": "bearer",
					"bearer": [
						{
							"key": "token",
							"value": "eyJhbGciOiJIUzI1NiIsInR5cCI6IkpXVCJ9.eyJ1c2VySWQiOjIsImlhdCI6MTcwMjg3MTQ2NywiZXhwIjoxNzAyOTA3NDY3fQ.KeZZ8opWAjrYaDhcPgITxLnD8ck7TbfV7te-MBRYZcg",
							"type": "string"
						}
					]
				},
				"method": "GET",
				"header": [],
				"url": {
					"raw": "http://localhost:3000/emailTemplate/list",
					"protocol": "http",
					"host": [
						"localhost"
					],
					"port": "3000",
					"path": [
						"emailTemplate",
						"list"
					]
				}
			},
			"response": []
		},
		{
			"name": "get email template by id",
			"request": {
				"auth": {
					"type": "bearer",
					"bearer": [
						{
							"key": "token",
							"value": "eyJhbGciOiJIUzI1NiIsInR5cCI6IkpXVCJ9.eyJ1c2VySWQiOjIsImlhdCI6MTY5NDYwNzA3MCwiZXhwIjoxNjk4MjA3MDcwfQ.p8FRm6BUwiInwEO_8Fu-nnwrSduItyicJPQqCZAPWjk",
							"type": "string"
						}
					]
				},
				"method": "POST",
				"header": [],
				"url": {
					"raw": "http://localhost:3000/emailTemplate/get/2",
					"protocol": "http",
					"host": [
						"localhost"
					],
					"port": "3000",
					"path": [
						"emailTemplate",
						"get",
						"2"
					]
				}
			},
			"response": []
		},
		{
			"name": "Update email template",
			"request": {
				"auth": {
					"type": "bearer",
					"bearer": [
						{
							"key": "token",
							"value": "eyJhbGciOiJIUzI1NiIsInR5cCI6IkpXVCJ9.eyJ1c2VySWQiOjIsImlhdCI6MTY5NDYwNzA3MCwiZXhwIjoxNjk4MjA3MDcwfQ.p8FRm6BUwiInwEO_8Fu-nnwrSduItyicJPQqCZAPWjk",
							"type": "string"
						}
					]
				},
				"method": "PATCH",
				"header": [],
				"body": {
					"mode": "formdata",
					"formdata": [
						{
							"key": "email_title",
							"value": "6666",
							"type": "text"
						},
						{
							"key": "email_type",
							"value": "6666",
							"type": "text"
						},
						{
							"key": "email_content",
							"value": "6666",
							"type": "text"
						},
						{
							"key": "header",
							"value": "66666",
							"type": "text"
						},
						{
							"key": "file",
							"type": "file",
							"src": []
						}
					]
				},
				"url": {
					"raw": "http://localhost:3000/emailTemplate/edit/1",
					"protocol": "http",
					"host": [
						"localhost"
					],
					"port": "3000",
					"path": [
						"emailTemplate",
						"edit",
						"1"
					]
				}
			},
			"response": []
		},
		{
			"name": "Domain Category List",
			"request": {
				"auth": {
					"type": "bearer",
					"bearer": [
						{
							"key": "token",
							"value": "eyJhbGciOiJIUzI1NiIsInR5cCI6IkpXVCJ9.eyJ1c2VySWQiOjQ0LCJpYXQiOjE3MDE2NjEyODMsImV4cCI6MTcwMTY5NzI4M30.U3BSJwa3PRQ9H2HajlLZzSTbkLAsLpmTxIC-Z9axirE",
							"type": "string"
						}
					]
				},
				"method": "GET",
				"header": [],
				"url": {
					"raw": "http://localhost:3000/domainCategory/list",
					"protocol": "http",
					"host": [
						"localhost"
					],
					"port": "3000",
					"path": [
						"domainCategory",
						"list"
					]
				}
			},
			"response": []
		},
		{
			"name": "Add Domain Category",
			"protocolProfileBehavior": {
				"disabledSystemHeaders": {}
			},
			"request": {
				"auth": {
					"type": "bearer",
					"bearer": [
						{
							"key": "token",
							"value": "eyJhbGciOiJIUzI1NiIsInR5cCI6IkpXVCJ9.eyJ1c2VySWQiOjIsImlhdCI6MTY5NDYwNzA3MCwiZXhwIjoxNjk4MjA3MDcwfQ.p8FRm6BUwiInwEO_8Fu-nnwrSduItyicJPQqCZAPWjk",
							"type": "string"
						}
					]
				},
				"method": "POST",
				"header": [],
				"body": {
					"mode": "raw",
					"raw": "{\r\n    \"name\":\"Science\",\r\n    \"description\":\"Science\"\r\n}",
					"options": {
						"raw": {
							"language": "json"
						}
					}
				},
				"url": {
					"raw": "http://localhost:3000/domainCategory/add",
					"protocol": "http",
					"host": [
						"localhost"
					],
					"port": "3000",
					"path": [
						"domainCategory",
						"add"
					]
				}
			},
			"response": []
		},
		{
			"name": "Delete Domain Category",
			"request": {
				"auth": {
					"type": "bearer",
					"bearer": [
						{
							"key": "token",
							"value": "eyJhbGciOiJIUzI1NiIsInR5cCI6IkpXVCJ9.eyJ1c2VySWQiOjIsImlhdCI6MTY5NDYwNzA3MCwiZXhwIjoxNjk4MjA3MDcwfQ.p8FRm6BUwiInwEO_8Fu-nnwrSduItyicJPQqCZAPWjk",
							"type": "string"
						}
					]
				},
				"method": "GET",
				"header": [],
				"url": {
					"raw": "http://localhost:3000/domainCategory/delete/3",
					"protocol": "http",
					"host": [
						"localhost"
					],
					"port": "3000",
					"path": [
						"domainCategory",
						"delete",
						"3"
					]
				}
			},
			"response": []
		},
		{
			"name": "Get Domain category by id single",
			"request": {
				"auth": {
					"type": "bearer",
					"bearer": [
						{
							"key": "token",
							"value": "eyJhbGciOiJIUzI1NiIsInR5cCI6IkpXVCJ9.eyJ1c2VySWQiOjIsImlhdCI6MTY5NDYwNzA3MCwiZXhwIjoxNjk4MjA3MDcwfQ.p8FRm6BUwiInwEO_8Fu-nnwrSduItyicJPQqCZAPWjk",
							"type": "string"
						}
					]
				},
				"method": "POST",
				"header": [],
				"url": {
					"raw": "http://localhost:3000/domainCategory/get/4",
					"protocol": "http",
					"host": [
						"localhost"
					],
					"port": "3000",
					"path": [
						"domainCategory",
						"get",
						"4"
					]
				}
			},
			"response": []
		},
		{
			"name": "Update Domain Category",
			"request": {
				"auth": {
					"type": "bearer",
					"bearer": [
						{
							"key": "token",
							"value": "eyJhbGciOiJIUzI1NiIsInR5cCI6IkpXVCJ9.eyJ1c2VySWQiOjIsImlhdCI6MTY5NDYwNzA3MCwiZXhwIjoxNjk4MjA3MDcwfQ.p8FRm6BUwiInwEO_8Fu-nnwrSduItyicJPQqCZAPWjk",
							"type": "string"
						}
					]
				},
				"method": "PATCH",
				"header": [],
				"body": {
					"mode": "raw",
					"raw": "{\r\n    \"name\":\"Testing Category\",\r\n    \"description\":\"Testing Description\"\r\n}",
					"options": {
						"raw": {
							"language": "json"
						}
					}
				},
				"url": {
					"raw": "http://localhost:3000/domainCategory/edit/1",
					"protocol": "http",
					"host": [
						"localhost"
					],
					"port": "3000",
					"path": [
						"domainCategory",
						"edit",
						"1"
					]
				}
			},
			"response": []
		},
		{
			"name": "Domain(projects) list admin",
			"request": {
				"auth": {
					"type": "bearer",
					"bearer": [
						{
							"key": "token",
							"value": "eyJhbGciOiJIUzI1NiIsInR5cCI6IkpXVCJ9.eyJ1c2VySWQiOjIsImlhdCI6MTcwMjYxMTg5MywiZXhwIjoxNzAyNjQ3ODkzfQ.pZ7wSnhml2CIQZ8Lb0-dvzoGVR_brz4-pr14LlMYpXY",
							"type": "string"
						}
					]
				},
				"method": "POST",
				"header": [],
				"url": {
					"raw": "http://localhost:3000/admin/domain/list",
					"protocol": "http",
					"host": [
						"localhost"
					],
					"port": "3000",
					"path": [
						"admin",
						"domain",
						"list"
					]
				}
			},
			"response": []
		},
		{
			"name": "Domain Add",
			"request": {
				"auth": {
					"type": "bearer",
					"bearer": [
						{
							"key": "token",
							"value": "eyJhbGciOiJIUzI1NiIsInR5cCI6IkpXVCJ9.eyJ1c2VySWQiOjIsImlhdCI6MTY5NDc2MzkyNiwiZXhwIjoxNjk0Nzk5OTI2fQ.v-w2tcmuTVgHUPS2Xt-V1uaIZWz48WnqlAVvM1_ipsA",
							"type": "string"
						}
					]
				},
				"method": "POST",
				"header": [],
				"body": {
					"mode": "raw",
					"raw": "{\r\n    \"domain_name\":\"www.testdomain.com\",\r\n    \"category_id\":\"\",\r\n    \"budget\":12.36,\r\n    \"category_id\":2\r\n}",
					"options": {
						"raw": {
							"language": "json"
						}
					}
				},
				"url": {
					"raw": "http://localhost:3000/domain/add",
					"protocol": "http",
					"host": [
						"localhost"
					],
					"port": "3000",
					"path": [
						"domain",
						"add"
					]
				}
			},
			"response": []
		},
		{
			"name": "Domain delete",
			"request": {
				"auth": {
					"type": "bearer",
					"bearer": [
						{
							"key": "token",
							"value": "eyJhbGciOiJIUzI1NiIsInR5cCI6IkpXVCJ9.eyJ1c2VySWQiOjIsImlhdCI6MTY5NDc2MzkyNiwiZXhwIjoxNjk0Nzk5OTI2fQ.v-w2tcmuTVgHUPS2Xt-V1uaIZWz48WnqlAVvM1_ipsA",
							"type": "string"
						}
					]
				},
				"method": "POST",
				"header": [],
				"url": {
					"raw": "http://localhost:3000/domain/delete/39",
					"protocol": "http",
					"host": [
						"localhost"
					],
					"port": "3000",
					"path": [
						"domain",
						"delete",
						"39"
					]
				}
			},
			"response": []
		},
		{
			"name": "Domain get by ID",
			"request": {
				"auth": {
					"type": "bearer",
					"bearer": [
						{
							"key": "token",
							"value": "eyJhbGciOiJIUzI1NiIsInR5cCI6IkpXVCJ9.eyJ1c2VySWQiOjIsImlhdCI6MTY5NDc2MzkyNiwiZXhwIjoxNjk0Nzk5OTI2fQ.v-w2tcmuTVgHUPS2Xt-V1uaIZWz48WnqlAVvM1_ipsA",
							"type": "string"
						}
					]
				},
				"method": "POST",
				"header": [],
				"url": {
					"raw": "http://localhost:3000/domain/get/38",
					"protocol": "http",
					"host": [
						"localhost"
					],
					"port": "3000",
					"path": [
						"domain",
						"get",
						"38"
					]
				}
			},
			"response": []
		},
		{
			"name": "Domain Update",
			"request": {
				"auth": {
					"type": "bearer",
					"bearer": [
						{
							"key": "token",
							"value": "eyJhbGciOiJIUzI1NiIsInR5cCI6IkpXVCJ9.eyJ1c2VySWQiOjIsImlhdCI6MTY5NDc2MzkyNiwiZXhwIjoxNjk0Nzk5OTI2fQ.v-w2tcmuTVgHUPS2Xt-V1uaIZWz48WnqlAVvM1_ipsA",
							"type": "string"
						}
					]
				},
				"method": "PATCH",
				"header": [],
				"body": {
					"mode": "raw",
					"raw": "{\r\n    \"domain_name\":\"www.examples.com\",\r\n    \"budget\":12.35,\r\n    \"category_id\":3\r\n}",
					"options": {
						"raw": {
							"language": "json"
						}
					}
				},
				"url": {
					"raw": "http://localhost:3000/domain/edit/25",
					"protocol": "http",
					"host": [
						"localhost"
					],
					"port": "3000",
					"path": [
						"domain",
						"edit",
						"25"
					]
				}
			},
			"response": []
		},
		{
			"name": "Domain Tag List",
			"request": {
				"auth": {
					"type": "bearer",
					"bearer": [
						{
							"key": "token",
							"value": "eyJhbGciOiJIUzI1NiIsInR5cCI6IkpXVCJ9.eyJ1c2VySWQiOjIsImlhdCI6MTY5NDc2MzkyNiwiZXhwIjoxNjk0Nzk5OTI2fQ.v-w2tcmuTVgHUPS2Xt-V1uaIZWz48WnqlAVvM1_ipsA",
							"type": "string"
						}
					]
				},
				"method": "POST",
				"header": [],
				"url": {
					"raw": "http://localhost:3000/domain_tag/list",
					"protocol": "http",
					"host": [
						"localhost"
					],
					"port": "3000",
					"path": [
						"domain_tag",
						"list"
					]
				}
			},
			"response": []
		},
		{
			"name": "Domain tag add",
			"request": {
				"auth": {
					"type": "bearer",
					"bearer": [
						{
							"key": "token",
							"value": "eyJhbGciOiJIUzI1NiIsInR5cCI6IkpXVCJ9.eyJ1c2VySWQiOjIsImlhdCI6MTY5NDc2MzkyNiwiZXhwIjoxNjk0Nzk5OTI2fQ.v-w2tcmuTVgHUPS2Xt-V1uaIZWz48WnqlAVvM1_ipsA",
							"type": "string"
						}
					]
				},
				"method": "POST",
				"header": [],
				"body": {
					"mode": "raw",
					"raw": "{\r\n    \"name\":\"Tags 55\"\r\n}",
					"options": {
						"raw": {
							"language": "json"
						}
					}
				},
				"url": {
					"raw": "http://localhost:3000/domain_tag/add",
					"protocol": "http",
					"host": [
						"localhost"
					],
					"port": "3000",
					"path": [
						"domain_tag",
						"add"
					]
				}
			},
			"response": []
		},
		{
			"name": "Domain Tag Delete",
			"request": {
				"auth": {
					"type": "bearer",
					"bearer": [
						{
							"key": "token",
							"value": "eyJhbGciOiJIUzI1NiIsInR5cCI6IkpXVCJ9.eyJ1c2VySWQiOjIsImlhdCI6MTY5NDc2MzkyNiwiZXhwIjoxNjk0Nzk5OTI2fQ.v-w2tcmuTVgHUPS2Xt-V1uaIZWz48WnqlAVvM1_ipsA",
							"type": "string"
						}
					]
				},
				"method": "POST",
				"header": [],
				"url": {
					"raw": "http://localhost:3000/domain_tag/delete/5",
					"protocol": "http",
					"host": [
						"localhost"
					],
					"port": "3000",
					"path": [
						"domain_tag",
						"delete",
						"5"
					]
				}
			},
			"response": []
		},
		{
			"name": "get Domain Tag by ID",
			"request": {
				"auth": {
					"type": "bearer",
					"bearer": [
						{
							"key": "token",
							"value": "eyJhbGciOiJIUzI1NiIsInR5cCI6IkpXVCJ9.eyJ1c2VySWQiOjIsImlhdCI6MTY5NDc2MzkyNiwiZXhwIjoxNjk0Nzk5OTI2fQ.v-w2tcmuTVgHUPS2Xt-V1uaIZWz48WnqlAVvM1_ipsA",
							"type": "string"
						}
					]
				},
				"method": "POST",
				"header": [],
				"url": {
					"raw": "http://localhost:3000/domain_tag/get/3",
					"protocol": "http",
					"host": [
						"localhost"
					],
					"port": "3000",
					"path": [
						"domain_tag",
						"get",
						"3"
					]
				}
			},
			"response": []
		},
		{
			"name": "Domain Tag Update",
			"request": {
				"auth": {
					"type": "bearer",
					"bearer": [
						{
							"key": "token",
							"value": "eyJhbGciOiJIUzI1NiIsInR5cCI6IkpXVCJ9.eyJ1c2VySWQiOjIsImlhdCI6MTY5NDc2MzkyNiwiZXhwIjoxNjk0Nzk5OTI2fQ.v-w2tcmuTVgHUPS2Xt-V1uaIZWz48WnqlAVvM1_ipsA",
							"type": "string"
						}
					]
				},
				"method": "PATCH",
				"header": [],
				"body": {
					"mode": "raw",
					"raw": "{\r\n    \"name\":\"Test\"\r\n}",
					"options": {
						"raw": {
							"language": "json"
						}
					}
				},
				"url": {
					"raw": "http://localhost:3000/domain_tag/edit/3",
					"protocol": "http",
					"host": [
						"localhost"
					],
					"port": "3000",
					"path": [
						"domain_tag",
						"edit",
						"3"
					]
				}
			},
			"response": []
		},
		{
			"name": "User Profile get",
			"request": {
				"auth": {
					"type": "bearer",
					"bearer": [
						{
							"key": "token",
							"value": "eyJhbGciOiJIUzI1NiIsInR5cCI6IkpXVCJ9.eyJ1c2VySWQiOjIsImlhdCI6MTY5NTA5NTU2NCwiZXhwIjoxNjk1MTMxNTY0fQ.DAx9KuIL2Ut7EJfYmqrmcnZEOeuxH1WKXU0V5DEGgyA",
							"type": "string"
						}
					]
				},
				"method": "GET",
				"header": [],
				"url": {
					"raw": "http://localhost:3000/account/user/profile",
					"protocol": "http",
					"host": [
						"localhost"
					],
					"port": "3000",
					"path": [
						"account",
						"user",
						"profile"
					]
				}
			},
			"response": []
		},
		{
			"name": "Update User profile",
			"request": {
				"auth": {
					"type": "bearer",
					"bearer": [
						{
							"key": "token",
							"value": "eyJhbGciOiJIUzI1NiIsInR5cCI6IkpXVCJ9.eyJ1c2VySWQiOjIsImlhdCI6MTY5NTA5NTU2NCwiZXhwIjoxNjk1MTMxNTY0fQ.DAx9KuIL2Ut7EJfYmqrmcnZEOeuxH1WKXU0V5DEGgyA",
							"type": "string"
						}
					]
				},
				"method": "PATCH",
				"header": [],
				"body": {
					"mode": "formdata",
					"formdata": [
						{
							"key": "file",
							"type": "file",
							"src": "/C:/Users/rjnag/Downloads/photo.jpeg",
							"disabled": true
						},
						{
							"key": "firstName",
							"value": "Admin",
							"type": "text"
						},
						{
							"key": "lastName",
							"value": "User",
							"type": "text"
						},
						{
							"key": "email",
							"value": "rjnaghera@gmail.com",
							"type": "text"
						},
						{
							"key": "password",
							"value": "123123",
							"type": "text"
						},
						{
							"key": "phone",
							"value": "09033389733",
							"type": "text"
						}
					]
				},
				"url": {
					"raw": "http://localhost:3000/account/user/profile",
					"protocol": "http",
					"host": [
						"localhost"
					],
					"port": "3000",
					"path": [
						"account",
						"user",
						"profile"
					]
				}
			},
			"response": []
		},
		{
			"name": "Get user profile admin side",
			"request": {
				"auth": {
					"type": "bearer",
					"bearer": [
						{
							"key": "token",
							"value": "eyJhbGciOiJIUzI1NiIsInR5cCI6IkpXVCJ9.eyJ1c2VySWQiOjIsImlhdCI6MTY5NTA5ODg1NSwiZXhwIjoxNjk1MTM0ODU1fQ.CLJJg-YEH1wB3RhscBTOFJXGuevCGHVczBNI8PxBLjs",
							"type": "string"
						}
					]
				},
				"method": "POST",
				"header": [],
				"url": {
					"raw": "http://localhost:3000/account/user/profile/1",
					"protocol": "http",
					"host": [
						"localhost"
					],
					"port": "3000",
					"path": [
						"account",
						"user",
						"profile",
						"1"
					]
				}
			},
			"response": []
		},
		{
			"name": "User list admin side",
			"request": {
				"auth": {
					"type": "bearer",
					"bearer": [
						{
							"key": "token",
							"value": "eyJhbGciOiJIUzI1NiIsInR5cCI6IkpXVCJ9.eyJ1c2VySWQiOjIsImlhdCI6MTY5NTA5ODg1NSwiZXhwIjoxNjk1MTM0ODU1fQ.CLJJg-YEH1wB3RhscBTOFJXGuevCGHVczBNI8PxBLjs",
							"type": "string"
						}
					]
				},
				"method": "POST",
				"header": [],
				"url": {
					"raw": "http://localhost:3000/account/user/list",
					"protocol": "http",
					"host": [
						"localhost"
					],
					"port": "3000",
					"path": [
						"account",
						"user",
						"list"
					]
				}
			},
			"response": []
		},
		{
			"name": "Delete user admin side",
			"request": {
				"auth": {
					"type": "bearer",
					"bearer": [
						{
							"key": "token",
							"value": "eyJhbGciOiJIUzI1NiIsInR5cCI6IkpXVCJ9.eyJ1c2VySWQiOjIsImlhdCI6MTY5NTA5ODg1NSwiZXhwIjoxNjk1MTM0ODU1fQ.CLJJg-YEH1wB3RhscBTOFJXGuevCGHVczBNI8PxBLjs",
							"type": "string"
						}
					]
				},
				"method": "GET",
				"header": [],
				"url": {
					"raw": "http://localhost:3000/account/user/delete/5",
					"protocol": "http",
					"host": [
						"localhost"
					],
					"port": "3000",
					"path": [
						"account",
						"user",
						"delete",
						"5"
					]
				}
			},
			"response": []
		},
		{
			"name": "Domain Filter by Domain name and category name",
			"request": {
				"auth": {
					"type": "bearer",
					"bearer": [
						{
							"key": "token",
							"value": "eyJhbGciOiJIUzI1NiIsInR5cCI6IkpXVCJ9.eyJ1c2VySWQiOjIsImlhdCI6MTY5NDYwNzA3MCwiZXhwIjoxNjk4MjA3MDcwfQ.p8FRm6BUwiInwEO_8Fu-nnwrSduItyicJPQqCZAPWjk",
							"type": "string"
						}
					]
				},
				"method": "POST",
				"header": [],
				"url": {
					"raw": "http://localhost:3000/domain/list?q=.org",
					"protocol": "http",
					"host": [
						"localhost"
					],
					"port": "3000",
					"path": [
						"domain",
						"list"
					],
					"query": [
						{
							"key": "q",
							"value": ".org"
						}
					]
				}
			},
			"response": []
		},
		{
			"name": "Blog Add",
			"request": {
				"auth": {
					"type": "bearer",
					"bearer": [
						{
							"key": "token",
							"value": "eyJhbGciOiJIUzI1NiIsInR5cCI6IkpXVCJ9.eyJ1c2VySWQiOjIsImlhdCI6MTY5NTExNzAzNywiZXhwIjoxNjk1MTUzMDM3fQ.IBJEkRX2q5BEqXLBQP18QKO_0WZca4wk7QJCjwlFDR4",
							"type": "string"
						}
					]
				},
				"method": "POST",
				"header": [],
				"body": {
					"mode": "raw",
					"raw": "{\r\n    \"title\":\"This First blog\",\r\n    \"content\":\"<h1>This is a blog</h1><p>This is a blog.</p>\",\r\n    \"status\":true\r\n}",
					"options": {
						"raw": {
							"language": "json"
						}
					}
				},
				"url": {
					"raw": "http://localhost:3000/blog/add",
					"protocol": "http",
					"host": [
						"localhost"
					],
					"port": "3000",
					"path": [
						"blog",
						"add"
					]
				}
			},
			"response": []
		},
		{
			"name": "Blog List",
			"request": {
				"auth": {
					"type": "bearer",
					"bearer": [
						{
							"key": "token",
							"value": "eyJhbGciOiJIUzI1NiIsInR5cCI6IkpXVCJ9.eyJ1c2VySWQiOjIsImlhdCI6MTY5NTExNzAzNywiZXhwIjoxNjk1MTUzMDM3fQ.IBJEkRX2q5BEqXLBQP18QKO_0WZca4wk7QJCjwlFDR4",
							"type": "string"
						}
					]
				},
				"method": "GET",
				"header": [],
				"url": {
					"raw": "http://localhost:3000/blog/list",
					"protocol": "http",
					"host": [
						"localhost"
					],
					"port": "3000",
					"path": [
						"blog",
						"list"
					]
				}
			},
			"response": []
		},
		{
			"name": "Blog get by ID",
			"request": {
				"auth": {
					"type": "bearer",
					"bearer": [
						{
							"key": "token",
							"value": "eyJhbGciOiJIUzI1NiIsInR5cCI6IkpXVCJ9.eyJ1c2VySWQiOjIsImlhdCI6MTY5NTExNzAzNywiZXhwIjoxNjk1MTUzMDM3fQ.IBJEkRX2q5BEqXLBQP18QKO_0WZca4wk7QJCjwlFDR4",
							"type": "string"
						}
					]
				},
				"method": "GET",
				"header": [],
				"url": {
					"raw": "http://localhost:3000/blog/get/3",
					"protocol": "http",
					"host": [
						"localhost"
					],
					"port": "3000",
					"path": [
						"blog",
						"get",
						"3"
					]
				}
			},
			"response": []
		},
		{
			"name": "Blog Update",
			"request": {
				"auth": {
					"type": "bearer",
					"bearer": [
						{
							"key": "token",
							"value": "eyJhbGciOiJIUzI1NiIsInR5cCI6IkpXVCJ9.eyJ1c2VySWQiOjIsImlhdCI6MTY5NTExNzAzNywiZXhwIjoxNjk1MTUzMDM3fQ.IBJEkRX2q5BEqXLBQP18QKO_0WZca4wk7QJCjwlFDR4",
							"type": "string"
						}
					]
				},
				"method": "PATCH",
				"header": [],
				"body": {
					"mode": "raw",
					"raw": "{\r\n    \"title\": \"This First blog Updated\",\r\n    \"content\": \"<h1>This is a Updated</h1><p>This is a Updated blog.</p>\",\r\n    \"status\": true\r\n}",
					"options": {
						"raw": {
							"language": "json"
						}
					}
				},
				"url": {
					"raw": "http://localhost:3000/blog/update/9",
					"protocol": "http",
					"host": [
						"localhost"
					],
					"port": "3000",
					"path": [
						"blog",
						"update",
						"9"
					]
				}
			},
			"response": []
		},
		{
			"name": "Blog Delete",
			"request": {
				"auth": {
					"type": "bearer",
					"bearer": [
						{
							"key": "token",
							"value": "eyJhbGciOiJIUzI1NiIsInR5cCI6IkpXVCJ9.eyJ1c2VySWQiOjIsImlhdCI6MTY5NTExNzAzNywiZXhwIjoxNjk1MTUzMDM3fQ.IBJEkRX2q5BEqXLBQP18QKO_0WZca4wk7QJCjwlFDR4",
							"type": "string"
						}
					]
				},
				"method": "POST",
				"header": [],
				"url": {
					"raw": "http://localhost:3000/blog/delete/8",
					"protocol": "http",
					"host": [
						"localhost"
					],
					"port": "3000",
					"path": [
						"blog",
						"delete",
						"8"
					]
				}
			},
			"response": []
		},
		{
			"name": "FAQ add",
			"request": {
				"auth": {
					"type": "bearer",
					"bearer": [
						{
							"key": "token",
							"value": "eyJhbGciOiJIUzI1NiIsInR5cCI6IkpXVCJ9.eyJ1c2VySWQiOjIsImlhdCI6MTY5NTExNzAzNywiZXhwIjoxNjk1MTUzMDM3fQ.IBJEkRX2q5BEqXLBQP18QKO_0WZca4wk7QJCjwlFDR4",
							"type": "string"
						}
					]
				},
				"method": "POST",
				"header": [],
				"body": {
					"mode": "raw",
					"raw": "{\r\n    \"question\":\"How to change password\",\r\n    \"answer\":\"Login and goto profile section click on account\",\r\n    \"status\":true\r\n}",
					"options": {
						"raw": {
							"language": "json"
						}
					}
				},
				"url": {
					"raw": "http://localhost:3000/faq/add",
					"protocol": "http",
					"host": [
						"localhost"
					],
					"port": "3000",
					"path": [
						"faq",
						"add"
					]
				}
			},
			"response": []
		},
		{
			"name": "FAQs List",
			"request": {
				"auth": {
					"type": "bearer",
					"bearer": [
						{
							"key": "token",
							"value": "eyJhbGciOiJIUzI1NiIsInR5cCI6IkpXVCJ9.eyJ1c2VySWQiOjIsImlhdCI6MTY5NTExNzAzNywiZXhwIjoxNjk1MTUzMDM3fQ.IBJEkRX2q5BEqXLBQP18QKO_0WZca4wk7QJCjwlFDR4",
							"type": "string"
						}
					]
				},
				"method": "GET",
				"header": [],
				"url": {
					"raw": "http://localhost:3000/faq/list",
					"protocol": "http",
					"host": [
						"localhost"
					],
					"port": "3000",
					"path": [
						"faq",
						"list"
					]
				}
			},
			"response": []
		},
		{
			"name": "FAQ get by ID",
			"request": {
				"auth": {
					"type": "bearer",
					"bearer": [
						{
							"key": "token",
							"value": "eyJhbGciOiJIUzI1NiIsInR5cCI6IkpXVCJ9.eyJ1c2VySWQiOjIsImlhdCI6MTY5NTExNzAzNywiZXhwIjoxNjk1MTUzMDM3fQ.IBJEkRX2q5BEqXLBQP18QKO_0WZca4wk7QJCjwlFDR4",
							"type": "string"
						}
					]
				},
				"method": "GET",
				"header": [],
				"url": {
					"raw": "http://localhost:3000/faq/get/4",
					"protocol": "http",
					"host": [
						"localhost"
					],
					"port": "3000",
					"path": [
						"faq",
						"get",
						"4"
					]
				}
			},
			"response": []
		},
		{
			"name": "FAQ Update",
			"request": {
				"auth": {
					"type": "bearer",
					"bearer": [
						{
							"key": "token",
							"value": "eyJhbGciOiJIUzI1NiIsInR5cCI6IkpXVCJ9.eyJ1c2VySWQiOjIsImlhdCI6MTY5NTExNzAzNywiZXhwIjoxNjk1MTUzMDM3fQ.IBJEkRX2q5BEqXLBQP18QKO_0WZca4wk7QJCjwlFDR4",
							"type": "string"
						}
					]
				},
				"method": "PATCH",
				"header": [],
				"body": {
					"mode": "raw",
					"raw": "{\r\n    \"question\":\"How to Vefiry email after register\",\r\n    \"answer\":\"Login and goto profile section click on account...\",\r\n    \"status\":true\r\n}",
					"options": {
						"raw": {
							"language": "json"
						}
					}
				},
				"url": {
					"raw": "http://localhost:3000/faq/update/2",
					"protocol": "http",
					"host": [
						"localhost"
					],
					"port": "3000",
					"path": [
						"faq",
						"update",
						"2"
					]
				}
			},
			"response": []
		},
		{
			"name": "FAQ Delete",
			"request": {
				"auth": {
					"type": "bearer",
					"bearer": [
						{
							"key": "token",
							"value": "eyJhbGciOiJIUzI1NiIsInR5cCI6IkpXVCJ9.eyJ1c2VySWQiOjIsImlhdCI6MTY5NTExNzAzNywiZXhwIjoxNjk1MTUzMDM3fQ.IBJEkRX2q5BEqXLBQP18QKO_0WZca4wk7QJCjwlFDR4",
							"type": "string"
						}
					]
				},
				"method": "POST",
				"header": [],
				"url": {
					"raw": "http://localhost:3000/faq/delete/4",
					"protocol": "http",
					"host": [
						"localhost"
					],
					"port": "3000",
					"path": [
						"faq",
						"delete",
						"4"
					]
				}
			},
			"response": []
		},
		{
			"name": "Admin to create new user",
			"protocolProfileBehavior": {
				"disabledSystemHeaders": {}
			},
			"request": {
				"auth": {
					"type": "bearer",
					"bearer": [
						{
							"key": "token",
							"value": "eyJhbGciOiJIUzI1NiIsInR5cCI6IkpXVCJ9.eyJ1c2VySWQiOjIsImlhdCI6MTY5NTE4NTgxMSwiZXhwIjoxNjk1MjIxODExfQ.KshLB6FxixJ_VIdRl2tugkgUezO7DxX7rjTO_J_Fhi0",
							"type": "string"
						}
					]
				},
				"method": "POST",
				"header": [],
				"body": {
					"mode": "formdata",
					"formdata": [
						{
							"key": "email",
							"value": "devuser@gmail.com",
							"type": "text"
						},
						{
							"key": "firstName",
							"value": "Dev",
							"type": "text"
						},
						{
							"key": "lastName",
							"value": "User",
							"type": "text"
						},
						{
							"key": "password",
							"value": "123456",
							"type": "text"
						},
						{
							"key": "phone",
							"value": "1234567809",
							"type": "text"
						},
						{
							"key": "file",
							"type": "file",
							"src": "/C:/Users/rjnag/Downloads/user_img_placeholder.jpg"
						}
					]
				},
				"url": {
					"raw": "http://localhost:3000/account/user/create",
					"protocol": "http",
					"host": [
						"localhost"
					],
					"port": "3000",
					"path": [
						"account",
						"user",
						"create"
					]
				}
			},
			"response": []
		},
		{
			"name": "Get User notification Setting",
			"request": {
				"auth": {
					"type": "bearer",
					"bearer": [
						{
							"key": "token",
							"value": "eyJhbGciOiJIUzI1NiIsInR5cCI6IkpXVCJ9.eyJ1c2VySWQiOjExLCJpYXQiOjE2OTUxOTY1MzgsImV4cCI6MTY5NTIzMjUzOH0.-74BznSq28Iu3mS-eLC7Cp7jRzVZqagQyCj_92Uwfcs",
							"type": "string"
						}
					]
				},
				"method": "GET",
				"header": [],
				"url": {
					"raw": "http://localhost:3000/user/setting",
					"protocol": "http",
					"host": [
						"localhost"
					],
					"port": "3000",
					"path": [
						"user",
						"setting"
					]
				}
			},
			"response": []
		},
		{
			"name": "User notification setting Update",
			"request": {
				"auth": {
					"type": "bearer",
					"bearer": [
						{
							"key": "token",
							"value": "eyJhbGciOiJIUzI1NiIsInR5cCI6IkpXVCJ9.eyJ1c2VySWQiOjExLCJpYXQiOjE2OTUxOTY1MzgsImV4cCI6MTY5NTIzMjUzOH0.-74BznSq28Iu3mS-eLC7Cp7jRzVZqagQyCj_92Uwfcs",
							"type": "string"
						}
					]
				},
				"method": "PATCH",
				"header": [],
				"body": {
					"mode": "raw",
					"raw": "{\r\n    \"email_message_received\":true,\r\n    \"email_order_accepted\":true,\r\n    \"email_order_completed\":true,\r\n    \"email_order_created\":false,\r\n    \"email_order_declined\":false,\r\n    \"email_order_missing_details\":false,\r\n    \"email_payment_failed\":true,\r\n    \"email_payment_reminder\":1,\r\n    \"email_payment_succeeded\":1,\r\n    \"email_recommendations_available\":1\r\n}",
					"options": {
						"raw": {
							"language": "json"
						}
					}
				},
				"url": {
					"raw": "http://localhost:3000/user/setting/notification",
					"protocol": "http",
					"host": [
						"localhost"
					],
					"port": "3000",
					"path": [
						"user",
						"setting",
						"notification"
					]
				}
			},
			"response": []
		},
		{
			"name": "User add Domain",
			"request": {
				"auth": {
					"type": "bearer",
					"bearer": [
						{
							"key": "token",
							"value": "eyJhbGciOiJIUzI1NiIsInR5cCI6IkpXVCJ9.eyJ1c2VySWQiOjE1LCJpYXQiOjE2OTkyNDQxNTcsImV4cCI6MTY5OTI4MDE1N30.EobFTK8dNegXi1R6olANNJ_s0e9740xf6o97GbRBksg",
							"type": "string"
						}
					]
				},
				"method": "POST",
				"header": [],
				"body": {
					"mode": "raw",
					"raw": "{\r\n    \"domain_name\":\"example.com\",\r\n    \"budget\":0,\r\n    \"category_id\":15\r\n}",
					"options": {
						"raw": {
							"language": "json"
						}
					}
				},
				"url": {
					"raw": "http://localhost:3000/user/project",
					"protocol": "http",
					"host": [
						"localhost"
					],
					"port": "3000",
					"path": [
						"user",
						"project"
					]
				}
			},
			"response": []
		},
		{
			"name": "User dashboard",
			"request": {
				"auth": {
					"type": "bearer",
					"bearer": [
						{
							"key": "token",
							"value": "eyJhbGciOiJIUzI1NiIsInR5cCI6IkpXVCJ9.eyJ1c2VySWQiOjE1LCJpYXQiOjE2OTU5NjE0MzEsImV4cCI6MTY5NTk5NzQzMX0.XrjNImbT2CDwbxN_3LS9BZjZ619MxVRTjcpGuQdoZ8E",
							"type": "string"
						}
					]
				},
				"method": "GET",
				"header": [],
				"url": {
					"raw": "http://localhost:3000/user/dashboard",
					"protocol": "http",
					"host": [
						"localhost"
					],
					"port": "3000",
					"path": [
						"user",
						"dashboard"
					]
				}
			},
			"response": []
		},
		{
			"name": "User Projects (domains)",
			"request": {
				"auth": {
					"type": "bearer",
					"bearer": [
						{
							"key": "token",
							"value": "eyJhbGciOiJIUzI1NiIsInR5cCI6IkpXVCJ9.eyJ1c2VySWQiOjE1LCJpYXQiOjE2OTcxODg0MDUsImV4cCI6MTY5NzIyNDQwNX0.Ubr6Xyqrsfu2LY7wrQPjW1Bl74CxVY5tXhMpuBDrZRM",
							"type": "string"
						}
					]
				},
				"method": "GET",
				"header": [],
				"url": {
					"raw": "http://localhost:3000/user/projects",
					"protocol": "http",
					"host": [
						"localhost"
					],
					"port": "3000",
					"path": [
						"user",
						"projects"
					]
				}
			},
			"response": []
		},
		{
			"name": "Order Message send",
			"request": {
				"auth": {
					"type": "bearer",
					"bearer": [
						{
							"key": "token",
							"value": "eyJhbGciOiJIUzI1NiIsInR5cCI6IkpXVCJ9.eyJ1c2VySWQiOjExLCJpYXQiOjE2OTUzNTQ5NTQsImV4cCI6MTY5NTM5MDk1NH0.a5Jat9ThQzgg9bxT3zA8IKATs1i0tJwZ4fA1dyFOcOc",
							"type": "string"
						}
					]
				},
				"method": "POST",
				"header": [],
				"body": {
					"mode": "formdata",
					"formdata": [
						{
							"key": "message",
							"value": "Hi",
							"type": "text"
						},
						{
							"key": "files[]",
							"type": "file",
							"src": []
						},
						{
							"key": "files[]",
							"type": "file",
							"src": []
						}
					]
				},
				"url": {
					"raw": "http://localhost:3000/message/send/48",
					"protocol": "http",
					"host": [
						"localhost"
					],
					"port": "3000",
					"path": [
						"message",
						"send",
						"48"
					]
				}
			},
			"response": []
		},
		{
			"name": "Order message get by Order ID",
			"request": {
				"auth": {
					"type": "bearer",
					"bearer": [
						{
							"key": "token",
							"value": "eyJhbGciOiJIUzI1NiIsInR5cCI6IkpXVCJ9.eyJ1c2VySWQiOjE1LCJpYXQiOjE3MDIyNzI3NDgsImV4cCI6MTcwMjMwODc0OH0.hEvqFjXnJ-4wQLENQIBWkDMTitZKi-EFjEi6S2OGw2U",
							"type": "string"
						}
					]
				},
				"method": "GET",
				"header": [],
				"url": {
					"raw": "http://localhost:3000/message/get/10",
					"protocol": "http",
					"host": [
						"localhost"
					],
					"port": "3000",
					"path": [
						"message",
						"get",
						"10"
					]
				}
			},
			"response": []
		},
		{
			"name": "Order message delete ",
			"request": {
				"auth": {
					"type": "bearer",
					"bearer": [
						{
							"key": "token",
							"value": "eyJhbGciOiJIUzI1NiIsInR5cCI6IkpXVCJ9.eyJ1c2VySWQiOjExLCJpYXQiOjE2OTUzNTQ5NTQsImV4cCI6MTY5NTM5MDk1NH0.a5Jat9ThQzgg9bxT3zA8IKATs1i0tJwZ4fA1dyFOcOc",
							"type": "string"
						}
					]
				},
				"method": "POST",
				"header": [],
				"url": {
					"raw": "http://localhost:3000/message/delete/6",
					"protocol": "http",
					"host": [
						"localhost"
					],
					"port": "3000",
					"path": [
						"message",
						"delete",
						"6"
					]
				}
			},
			"response": []
		},
		{
			"name": "Add Order",
			"protocolProfileBehavior": {
				"disabledSystemHeaders": {}
			},
			"request": {
				"auth": {
					"type": "bearer",
					"bearer": [
						{
							"key": "token",
							"value": "eyJhbGciOiJIUzI1NiIsInR5cCI6IkpXVCJ9.eyJ1c2VySWQiOjE1LCJpYXQiOjE2OTY0MTgzNDMsImV4cCI6MTY5NjQ1NDM0M30.04ahlr231cA2IWqKsOLC7M40ITW63nE9jrn9P96kZgo",
							"type": "string"
						}
					]
				},
				"method": "POST",
				"header": [
					{
						"warning": "This is a duplicate header and will be overridden by the Content-Type header generated by Postman.",
						"key": "Content-Type",
						"value": "application/json",
						"type": "text"
					}
				],
				"body": {
					"mode": "formdata",
					"formdata": [
						{
							"key": "ordername",
							"value": "Second Name",
							"type": "text"
						},
						{
							"key": "orderpriority",
							"value": "1",
							"type": "text"
						},
						{
							"key": "description",
							"value": "Description",
							"type": "text"
						},
						{
							"key": "orderstatus",
							"value": "0",
							"type": "text"
						},
						{
							"key": "name[]",
							"value": "tesname",
							"type": "text"
						},
						{
							"key": "files[]",
							"type": "file",
							"src": "/C:/Users/rjnag/Downloads/1693548503784.jpeg"
						},
						{
							"key": "domain_id",
							"value": "1",
							"type": "text"
						},
						{
							"key": "",
							"value": "",
							"type": "text",
							"disabled": true
						}
					]
				},
				"url": {
					"raw": "http://localhost:3000/order/add",
					"protocol": "http",
					"host": [
						"localhost"
					],
					"port": "3000",
					"path": [
						"order",
						"add"
					]
				}
			},
			"response": []
		},
		{
			"name": "Get All Order As admin",
			"request": {
				"auth": {
					"type": "bearer",
					"bearer": [
						{
							"key": "token",
							"value": "eyJhbGciOiJIUzI1NiIsInR5cCI6IkpXVCJ9.eyJ1c2VySWQiOjExLCJpYXQiOjE2OTUzNTQ5NTQsImV4cCI6MTY5NTM5MDk1NH0.a5Jat9ThQzgg9bxT3zA8IKATs1i0tJwZ4fA1dyFOcOc",
							"type": "string"
						}
					]
				},
				"method": "GET",
				"header": [],
				"url": {
					"raw": "http://localhost:3000/order/get/all",
					"protocol": "http",
					"host": [
						"localhost"
					],
					"port": "3000",
					"path": [
						"order",
						"get",
						"all"
					]
				}
			},
			"response": []
		},
		{
			"name": "get Order By UserId",
			"request": {
				"auth": {
					"type": "bearer",
					"bearer": [
						{
							"key": "token",
							"value": "eyJhbGciOiJIUzI1NiIsInR5cCI6IkpXVCJ9.eyJ1c2VySWQiOjE1LCJpYXQiOjE2OTY0MTgzNDMsImV4cCI6MTY5NjQ1NDM0M30.04ahlr231cA2IWqKsOLC7M40ITW63nE9jrn9P96kZgo",
							"type": "string"
						}
					]
				},
				"method": "GET",
				"header": [],
				"url": {
					"raw": "http://localhost:3000/order/get",
					"protocol": "http",
					"host": [
						"localhost"
					],
					"port": "3000",
					"path": [
						"order",
						"get"
					]
				}
			},
			"response": []
		},
		{
			"name": "get Order by Order ID",
			"request": {
				"auth": {
					"type": "bearer",
					"bearer": [
						{
							"key": "token",
							"value": "eyJhbGciOiJIUzI1NiIsInR5cCI6IkpXVCJ9.eyJ1c2VySWQiOjExLCJpYXQiOjE2OTUzNTQ5NTQsImV4cCI6MTY5NTM5MDk1NH0.a5Jat9ThQzgg9bxT3zA8IKATs1i0tJwZ4fA1dyFOcOc",
							"type": "string"
						}
					]
				},
				"method": "GET",
				"header": [],
				"url": {
					"raw": "http://localhost:3000/order/get/48",
					"protocol": "http",
					"host": [
						"localhost"
					],
					"port": "3000",
					"path": [
						"order",
						"get",
						"48"
					]
				}
			},
			"response": []
		},
		{
			"name": "Update Order",
			"request": {
				"auth": {
					"type": "bearer",
					"bearer": [
						{
							"key": "token",
							"value": "eyJhbGciOiJIUzI1NiIsInR5cCI6IkpXVCJ9.eyJ1c2VySWQiOjExLCJpYXQiOjE2OTUzNTQ5NTQsImV4cCI6MTY5NTM5MDk1NH0.a5Jat9ThQzgg9bxT3zA8IKATs1i0tJwZ4fA1dyFOcOc",
							"type": "string"
						}
					]
				},
				"method": "PATCH",
				"header": [],
				"body": {
					"mode": "formdata",
					"formdata": [
						{
							"key": "ordername",
							"value": "This order updated",
							"type": "text"
						},
						{
							"key": "orderpriority",
							"value": "2",
							"type": "text"
						},
						{
							"key": "description",
							"value": "This order updated by api",
							"type": "text"
						},
						{
							"key": "orderstatus",
							"value": "2",
							"type": "text"
						},
						{
							"key": "name[]",
							"value": "mahesh",
							"type": "text"
						},
						{
							"key": "files[]",
							"type": "file",
							"src": "/C:/Users/rjnag/Downloads/download.jpg"
						}
					]
				},
				"url": {
					"raw": "http://localhost:3000/order/update/48",
					"protocol": "http",
					"host": [
						"localhost"
					],
					"port": "3000",
					"path": [
						"order",
						"update",
						"48"
					]
				}
			},
			"response": []
		},
		{
			"name": "Order File Delete by Filename",
			"request": {
				"auth": {
					"type": "bearer",
					"bearer": [
						{
							"key": "token",
							"value": "eyJhbGciOiJIUzI1NiIsInR5cCI6IkpXVCJ9.eyJ1c2VySWQiOjExLCJpYXQiOjE2OTUzNTQ5NTQsImV4cCI6MTY5NTM5MDk1NH0.a5Jat9ThQzgg9bxT3zA8IKATs1i0tJwZ4fA1dyFOcOc",
							"type": "string"
						}
					]
				},
				"method": "POST",
				"header": [],
				"body": {
					"mode": "raw",
					"raw": "{\r\n    \"filename\":\"new_order_1695370332910.jpg\"\r\n}",
					"options": {
						"raw": {
							"language": "json"
						}
					}
				},
				"url": {
					"raw": "http://localhost:3000/order/fileDelete",
					"protocol": "http",
					"host": [
						"localhost"
					],
					"port": "3000",
					"path": [
						"order",
						"fileDelete"
					]
				}
			},
			"response": []
		},
		{
			"name": "Delete Order",
			"request": {
				"auth": {
					"type": "bearer",
					"bearer": [
						{
							"key": "token",
							"value": "eyJhbGciOiJIUzI1NiIsInR5cCI6IkpXVCJ9.eyJ1c2VySWQiOjExLCJpYXQiOjE2OTUzNTQ5NTQsImV4cCI6MTY5NTM5MDk1NH0.a5Jat9ThQzgg9bxT3zA8IKATs1i0tJwZ4fA1dyFOcOc",
							"type": "string"
						}
					]
				},
				"method": "GET",
				"header": [],
				"url": {
					"raw": "http://localhost:3000/order/remove/1",
					"protocol": "http",
					"host": [
						"localhost"
					],
					"port": "3000",
					"path": [
						"order",
						"remove",
						"1"
					]
				}
			},
			"response": []
		},
		{
			"name": "Add Order Files",
			"request": {
				"auth": {
					"type": "bearer",
					"bearer": [
						{
							"key": "token",
							"value": "eyJhbGciOiJIUzI1NiIsInR5cCI6IkpXVCJ9.eyJ1c2VySWQiOjExLCJpYXQiOjE2OTUzNTQ5NTQsImV4cCI6MTY5NTM5MDk1NH0.a5Jat9ThQzgg9bxT3zA8IKATs1i0tJwZ4fA1dyFOcOc",
							"type": "string"
						}
					]
				},
				"method": "POST",
				"header": [],
				"body": {
					"mode": "formdata",
					"formdata": [
						{
							"key": "files[]",
							"type": "file",
							"src": "/C:/Users/rjnag/Downloads/_MG_9993.JPG"
						},
						{
							"key": "name[]",
							"value": "jayesh",
							"type": "text"
						},
						{
							"key": "files[]",
							"type": "file",
							"src": "/C:/Users/rjnag/Downloads/photo.jpeg"
						},
						{
							"key": "name[]",
							"value": "oldphoto",
							"type": "text"
						}
					]
				},
				"url": {
					"raw": "http://localhost:3000/order/addFile/49",
					"protocol": "http",
					"host": [
						"localhost"
					],
					"port": "3000",
					"path": [
						"order",
						"addFile",
						"49"
					]
				}
			},
			"response": []
		},
		{
			"name": "get Order Files by Order ID",
			"request": {
				"auth": {
					"type": "bearer",
					"bearer": [
						{
							"key": "token",
							"value": "eyJhbGciOiJIUzI1NiIsInR5cCI6IkpXVCJ9.eyJ1c2VySWQiOjIsImlhdCI6MTY5NTcxNDg5MiwiZXhwIjoxNjk1NzUwODkyfQ.SWZwa7z5uTW1C6cjaImaXQevjBmm-fT7WT5WGWQ-kPw",
							"type": "string"
						}
					]
				},
				"method": "GET",
				"header": [],
				"url": {
					"raw": "http://localhost:3000/order/file/get/49",
					"protocol": "http",
					"host": [
						"localhost"
					],
					"port": "3000",
					"path": [
						"order",
						"file",
						"get",
						"49"
					]
				}
			},
			"response": []
		},
		{
			"name": "Payment Refund",
			"request": {
				"auth": {
					"type": "bearer",
					"bearer": [
						{
							"key": "token",
							"value": "eyJhbGciOiJIUzI1NiIsInR5cCI6IkpXVCJ9.eyJ1c2VySWQiOjExLCJpYXQiOjE2OTU2MzQ3ODcsImV4cCI6MTY5NTY3MDc4N30.JrXo7N3cC1wgJKpCnuwnoKp_J4qV4hUlOTQtOLSAj8A",
							"type": "string"
						}
					]
				},
				"method": "GET",
				"header": [],
				"url": {
					"raw": "http://localhost:3000/refundPayment/pi_3NuDLgSC7x5vD10M17T7dJ7p",
					"protocol": "http",
					"host": [
						"localhost"
					],
					"port": "3000",
					"path": [
						"refundPayment",
						"pi_3NuDLgSC7x5vD10M17T7dJ7p"
					]
				}
			},
			"response": []
		},
		{
			"name": "Initialized payment (Stripe)",
			"request": {
				"auth": {
					"type": "bearer",
					"bearer": [
						{
							"key": "token",
							"value": "eyJhbGciOiJIUzI1NiIsInR5cCI6IkpXVCJ9.eyJ1c2VySWQiOjExLCJpYXQiOjE2OTU2MzQ3ODcsImV4cCI6MTY5NTY3MDc4N30.JrXo7N3cC1wgJKpCnuwnoKp_J4qV4hUlOTQtOLSAj8A",
							"type": "string"
						}
					]
				},
				"method": "POST",
				"header": [],
				"body": {
					"mode": "raw",
					"raw": "{\r\n    \"product\": {\r\n                \"name\": \"Watch\", \r\n                \"image\": \"https://img.freepik.com/free-vector/software-testing-concept-application-website-code-test-process-it-specialist-searching-bugs-idea-computer-technology-digital-analysis-vector-illustration-cartoon-style_613284-2893.jpg\", \r\n                \"amount\": 200,\r\n                \"quantity\": 1\r\n            }\r\n}",
					"options": {
						"raw": {
							"language": "json"
						}
					}
				},
				"url": {
					"raw": "http://localhost:3000/payment",
					"protocol": "http",
					"host": [
						"localhost"
					],
					"port": "3000",
					"path": [
						"payment"
					]
				}
			},
			"response": []
		},
		{
			"name": "User Payment Transaction History ",
			"request": {
				"auth": {
					"type": "bearer",
					"bearer": [
						{
							"key": "token",
							"value": "eyJhbGciOiJIUzI1NiIsInR5cCI6IkpXVCJ9.eyJ1c2VySWQiOjE1LCJpYXQiOjE2OTc1MTU5MDUsImV4cCI6MTY5NzU1MTkwNX0.qDBkIPdzrCqbtHkhJVSN9SJemvrXB88b7ckvgAsdRn4",
							"type": "string"
						}
					]
				},
				"method": "GET",
				"header": [],
				"url": {
					"raw": "http://localhost:3000/user/transactionHistory",
					"protocol": "http",
					"host": [
						"localhost"
					],
					"port": "3000",
					"path": [
						"user",
						"transactionHistory"
					]
				}
			},
			"response": []
		},
		{
			"name": "Domain to get AHREF Backlinks Details",
			"request": {
				"auth": {
					"type": "bearer",
					"bearer": [
						{
							"key": "token",
							"value": "eyJhbGciOiJIUzI1NiIsInR5cCI6IkpXVCJ9.eyJ1c2VySWQiOjExLCJpYXQiOjE2OTU2OTk5NzYsImV4cCI6MTY5NTczNTk3Nn0.xTKreS0ipXipEzfFhbmnI9n-y6yI-dKNUrVCBnPIczQ",
							"type": "string"
						}
					]
				},
				"method": "GET",
				"header": [],
				"url": {
					"raw": "http://localhost:3000/getBacklinks/blog.ahrefs.com",
					"protocol": "http",
					"host": [
						"localhost"
					],
					"port": "3000",
					"path": [
						"getBacklinks",
						"blog.ahrefs.com"
					]
				}
			},
			"response": []
		},
		{
			"name": "Order final file delete",
			"request": {
				"auth": {
					"type": "bearer",
					"bearer": [
						{
							"key": "token",
							"value": "eyJhbGciOiJIUzI1NiIsInR5cCI6IkpXVCJ9.eyJ1c2VySWQiOjExLCJpYXQiOjE2OTUzNTQ5NTQsImV4cCI6MTY5NTM5MDk1NH0.a5Jat9ThQzgg9bxT3zA8IKATs1i0tJwZ4fA1dyFOcOc",
							"type": "string"
						}
					]
				},
				"method": "POST",
				"header": [],
				"body": {
					"mode": "raw",
					"raw": "{\r\n    \"name\":\"final_file1695387549326.jpeg\"\r\n}",
					"options": {
						"raw": {
							"language": "json"
						}
					}
				},
				"url": {
					"raw": "http://localhost:3000/order/finalFileDelete/2",
					"protocol": "http",
					"host": [
						"localhost"
					],
					"port": "3000",
					"path": [
						"order",
						"finalFileDelete",
						"2"
					]
				}
			},
			"response": []
		},
		{
			"name": "Order Status Update",
			"request": {
				"auth": {
					"type": "bearer",
					"bearer": [
						{
							"key": "token",
							"value": "eyJhbGciOiJIUzI1NiIsInR5cCI6IkpXVCJ9.eyJ1c2VySWQiOjExLCJpYXQiOjE2OTU2OTk5NzYsImV4cCI6MTY5NTczNTk3Nn0.xTKreS0ipXipEzfFhbmnI9n-y6yI-dKNUrVCBnPIczQ",
							"type": "string"
						}
					]
				},
				"method": "POST",
				"header": [],
				"body": {
					"mode": "raw",
					"raw": "{\r\n    \"orderstatus\":1\r\n}",
					"options": {
						"raw": {
							"language": "json"
						}
					}
				},
				"url": {
					"raw": "http://localhost:3000/order/updateStatus/48",
					"protocol": "http",
					"host": [
						"localhost"
					],
					"port": "3000",
					"path": [
						"order",
						"updateStatus",
						"48"
					]
				}
			},
			"response": []
		},
		{
			"name": "Order Add Cloud Links",
			"request": {
				"auth": {
					"type": "bearer",
					"bearer": [
						{
							"key": "token",
							"value": "eyJhbGciOiJIUzI1NiIsInR5cCI6IkpXVCJ9.eyJ1c2VySWQiOjIsImlhdCI6MTY5NTcxNDg5MiwiZXhwIjoxNjk1NzUwODkyfQ.SWZwa7z5uTW1C6cjaImaXQevjBmm-fT7WT5WGWQ-kPw",
							"type": "string"
						}
					]
				},
				"method": "POST",
				"header": [],
				"body": {
					"mode": "raw",
					"raw": "{\r\n    \"cloud_links\": [\r\n        {\r\n            \"link\": \"https://github.com/ybonnefond/node-ahrefs/tree/master\",\r\n            \"link_name\": \"ahref npm tutorial\"\r\n        },\r\n        {\r\n            \"link\": \"https://app.ahrefs.com/api/profile\",\r\n            \"link_name\": \"ahref token link\"\r\n        }\r\n    ]\r\n}",
					"options": {
						"raw": {
							"language": "json"
						}
					}
				},
				"url": {
					"raw": "http://localhost:3000/order/addCloudLinks/48",
					"protocol": "http",
					"host": [
						"localhost"
					],
					"port": "3000",
					"path": [
						"order",
						"addCloudLinks",
						"48"
					]
				}
			},
			"response": []
		},
		{
			"name": "Update Cloud Link",
			"request": {
				"auth": {
					"type": "bearer",
					"bearer": [
						{
							"key": "token",
							"value": "eyJhbGciOiJIUzI1NiIsInR5cCI6IkpXVCJ9.eyJ1c2VySWQiOjIsImlhdCI6MTY5NTcxNDg5MiwiZXhwIjoxNjk1NzUwODkyfQ.SWZwa7z5uTW1C6cjaImaXQevjBmm-fT7WT5WGWQ-kPw",
							"type": "string"
						}
					]
				},
				"method": "POST",
				"header": [],
				"body": {
					"mode": "raw",
					"raw": "{\r\n    \"cloud_links\":\"https://www.google.co.in\",\r\n    \"link_name\":\"Googles\"\r\n}",
					"options": {
						"raw": {
							"language": "json"
						}
					}
				},
				"url": {
					"raw": "http://localhost:3000/order/updateCloudLinks/20",
					"protocol": "http",
					"host": [
						"localhost"
					],
					"port": "3000",
					"path": [
						"order",
						"updateCloudLinks",
						"20"
					]
				}
			},
			"response": []
		},
		{
			"name": "Delete Cloud Link",
			"request": {
				"auth": {
					"type": "bearer",
					"bearer": [
						{
							"key": "token",
							"value": "eyJhbGciOiJIUzI1NiIsInR5cCI6IkpXVCJ9.eyJ1c2VySWQiOjIsImlhdCI6MTY5NTcxNDg5MiwiZXhwIjoxNjk1NzUwODkyfQ.SWZwa7z5uTW1C6cjaImaXQevjBmm-fT7WT5WGWQ-kPw",
							"type": "string"
						}
					]
				},
				"method": "GET",
				"header": [],
				"url": {
					"raw": "http://localhost:3000/order/deleteCloudLinks/23",
					"protocol": "http",
					"host": [
						"localhost"
					],
					"port": "3000",
					"path": [
						"order",
						"deleteCloudLinks",
						"23"
					]
				}
			},
			"response": []
		},
		{
			"name": "Subscription Plan ADD",
			"request": {
				"auth": {
					"type": "bearer",
					"bearer": [
						{
							"key": "token",
							"value": "eyJhbGciOiJIUzI1NiIsInR5cCI6IkpXVCJ9.eyJ1c2VySWQiOjIsImlhdCI6MTY5NTc4ODc3OSwiZXhwIjoxNjk1ODI0Nzc5fQ.a00DhHfTaOxOiqulqRDTwlajjzF1g1ANhmwR7q8DhGE",
							"type": "string"
						}
					]
				},
				"method": "POST",
				"header": [],
				"body": {
					"mode": "raw",
					"raw": "{\r\n    \"name\":\"Standard\",\r\n    \"description\":\"Use to multiple user\",\r\n    \"price\":250,\r\n    \"cancellation_period\":30,\r\n    \"max_domains_per_month\":250,\r\n    \"max_orders\":15,\r\n    \"status\":1\r\n}",
					"options": {
						"raw": {
							"language": "json"
						}
					}
				},
				"url": {
					"raw": "http://localhost:3000/subscriptionPlan/add",
					"protocol": "http",
					"host": [
						"localhost"
					],
					"port": "3000",
					"path": [
						"subscriptionPlan",
						"add"
					]
				}
			},
			"response": []
		},
		{
			"name": "Subscription Plan List",
			"request": {
				"auth": {
					"type": "bearer",
					"bearer": [
						{
							"key": "token",
							"value": "eyJhbGciOiJIUzI1NiIsInR5cCI6IkpXVCJ9.eyJ1c2VySWQiOjIsImlhdCI6MTY5NTc4ODc3OSwiZXhwIjoxNjk1ODI0Nzc5fQ.a00DhHfTaOxOiqulqRDTwlajjzF1g1ANhmwR7q8DhGE",
							"type": "string"
						}
					]
				},
				"method": "GET",
				"header": [],
				"url": {
					"raw": "http://localhost:3000/subscriptionPlan/list",
					"protocol": "http",
					"host": [
						"localhost"
					],
					"port": "3000",
					"path": [
						"subscriptionPlan",
						"list"
					]
				}
			},
			"response": []
		},
		{
			"name": "Get Subscription Plan by id",
			"request": {
				"auth": {
					"type": "bearer",
					"bearer": [
						{
							"key": "token",
							"value": "eyJhbGciOiJIUzI1NiIsInR5cCI6IkpXVCJ9.eyJ1c2VySWQiOjIsImlhdCI6MTY5NTc4ODc3OSwiZXhwIjoxNjk1ODI0Nzc5fQ.a00DhHfTaOxOiqulqRDTwlajjzF1g1ANhmwR7q8DhGE",
							"type": "string"
						}
					]
				},
				"method": "GET",
				"header": [],
				"url": {
					"raw": "http://localhost:3000/subscriptionPlan/get/1",
					"protocol": "http",
					"host": [
						"localhost"
					],
					"port": "3000",
					"path": [
						"subscriptionPlan",
						"get",
						"1"
					]
				}
			},
			"response": []
		},
		{
			"name": "Update Subscription Plan",
			"request": {
				"auth": {
					"type": "bearer",
					"bearer": [
						{
							"key": "token",
							"value": "eyJhbGciOiJIUzI1NiIsInR5cCI6IkpXVCJ9.eyJ1c2VySWQiOjIsImlhdCI6MTY5NTg3ODIzOCwiZXhwIjoxNjk1OTE0MjM4fQ.-nIgdNUXYElq2sD0qPJsyiADj23e2wtaX8MVgXZ_5OU",
							"type": "string"
						}
					]
				},
				"method": "PATCH",
				"header": [],
				"body": {
					"mode": "raw",
					"raw": "{\r\n    \"name\":\"Agency\",\r\n    \"description\":\"for Agency use\",\r\n    \"price\":200,\r\n    \"cancellation_period\":30,\r\n    \"max_domains_per_month\":100,\r\n    \"max_orders\":50,\r\n    \"status\":true,\r\n    \"validity\":30\r\n}",
					"options": {
						"raw": {
							"language": "json"
						}
					}
				},
				"url": {
					"raw": "http://localhost:3000/subscriptionPlan/update/3",
					"protocol": "http",
					"host": [
						"localhost"
					],
					"port": "3000",
					"path": [
						"subscriptionPlan",
						"update",
						"3"
					]
				}
			},
			"response": []
		},
		{
			"name": "Delete Subscription Plan",
			"request": {
				"auth": {
					"type": "bearer",
					"bearer": [
						{
							"key": "token",
							"value": "eyJhbGciOiJIUzI1NiIsInR5cCI6IkpXVCJ9.eyJ1c2VySWQiOjIsImlhdCI6MTY5NTc4ODc3OSwiZXhwIjoxNjk1ODI0Nzc5fQ.a00DhHfTaOxOiqulqRDTwlajjzF1g1ANhmwR7q8DhGE",
							"type": "string"
						}
					]
				},
				"method": "DELETE",
				"header": [],
				"url": {
					"raw": "http://localhost:3000/subscriptionPlan/delete/5",
					"protocol": "http",
					"host": [
						"localhost"
					],
					"port": "3000",
					"path": [
						"subscriptionPlan",
						"delete",
						"5"
					]
				}
			},
			"response": []
		},
		{
			"name": "User Subscription History With User and Transaction Admin Side",
			"request": {
				"auth": {
					"type": "bearer",
					"bearer": [
						{
							"key": "token",
							"value": "eyJhbGciOiJIUzI1NiIsInR5cCI6IkpXVCJ9.eyJ1c2VySWQiOjIsImlhdCI6MTY5NTg3ODIzOCwiZXhwIjoxNjk1OTE0MjM4fQ.-nIgdNUXYElq2sD0qPJsyiADj23e2wtaX8MVgXZ_5OU",
							"type": "string"
						}
					]
				},
				"method": "GET",
				"header": [],
				"url": {
					"raw": "http://localhost:3000/users/subscription/history",
					"protocol": "http",
					"host": [
						"localhost"
					],
					"port": "3000",
					"path": [
						"users",
						"subscription",
						"history"
					]
				}
			},
			"response": []
		},
		{
			"name": "Publisher Add Domain",
			"request": {
				"auth": {
					"type": "bearer",
					"bearer": [
						{
							"key": "token",
							"value": "eyJhbGciOiJIUzI1NiIsInR5cCI6IkpXVCJ9.eyJ1c2VySWQiOjExLCJpYXQiOjE2OTcxOTYwNDksImV4cCI6MTY5NzIzMjA0OX0.GTwOKIhuBGtURdZ0RIgLFQQyYeyOuZquXfMD7Z-T4oQ",
							"type": "string"
						}
					]
				},
				"method": "POST",
				"header": [],
				"body": {
					"mode": "raw",
					"raw": "{\r\n    \"domain_name\":\"chat.openai.com\",\r\n    \"category_id\":18,\r\n    \"price\":5000\r\n}",
					"options": {
						"raw": {
							"language": "json"
						}
					}
				},
				"url": {
					"raw": "localhost:3000/publisher/addDomain",
					"host": [
						"localhost"
					],
					"port": "3000",
					"path": [
						"publisher",
						"addDomain"
					]
				}
			},
			"response": []
		},
		{
			"name": "Publisher Update Domain",
			"request": {
				"auth": {
					"type": "bearer",
					"bearer": [
						{
							"key": "token",
							"value": "eyJhbGciOiJIUzI1NiIsInR5cCI6IkpXVCJ9.eyJ1c2VySWQiOjExLCJpYXQiOjE2OTY5MjMwOTMsImV4cCI6MTY5Njk1OTA5M30.sjrbwZxuAK-9HC4LDpD4TjgI0Onb-6lm3VTH2B094kI",
							"type": "string"
						}
					]
				},
				"method": "POST",
				"header": [],
				"body": {
					"mode": "raw",
					"raw": "{\r\n    \"domain_name\":\"jayesh.com\",\r\n    \"category_id\":3,\r\n    \"price\":512\r\n}",
					"options": {
						"raw": {
							"language": "json"
						}
					}
				},
				"url": {
					"raw": "localhost:3000/publisher/updateDomain/4",
					"host": [
						"localhost"
					],
					"port": "3000",
					"path": [
						"publisher",
						"updateDomain",
						"4"
					]
				}
			},
			"response": []
		},
		{
			"name": "Publisher Domain Delete",
			"request": {
				"auth": {
					"type": "bearer",
					"bearer": [
						{
							"key": "token",
							"value": "eyJhbGciOiJIUzI1NiIsInR5cCI6IkpXVCJ9.eyJ1c2VySWQiOjExLCJpYXQiOjE2OTY5MjMwOTMsImV4cCI6MTY5Njk1OTA5M30.sjrbwZxuAK-9HC4LDpD4TjgI0Onb-6lm3VTH2B094kI",
							"type": "string"
						}
					]
				},
				"method": "GET",
				"header": [],
				"url": {
					"raw": "localhost:3000/publisher/deleteDomain/4",
					"host": [
						"localhost"
					],
					"port": "3000",
					"path": [
						"publisher",
						"deleteDomain",
						"4"
					]
				}
			},
			"response": []
		},
		{
			"name": "Publisher Domains List",
			"request": {
				"auth": {
					"type": "bearer",
					"bearer": [
						{
							"key": "token",
							"value": "eyJhbGciOiJIUzI1NiIsInR5cCI6IkpXVCJ9.eyJ1c2VySWQiOjExLCJpYXQiOjE2OTcxOTYwNDksImV4cCI6MTY5NzIzMjA0OX0.GTwOKIhuBGtURdZ0RIgLFQQyYeyOuZquXfMD7Z-T4oQ",
							"type": "string"
						}
					]
				},
				"method": "GET",
				"header": [],
				"url": {
					"raw": "localhost:3000/publisher/domains",
					"host": [
						"localhost"
					],
					"port": "3000",
					"path": [
						"publisher",
						"domains"
					]
				}
			},
			"response": []
		},
		{
			"name": "Get Backlinks with filters",
			"request": {
				"auth": {
					"type": "bearer",
					"bearer": [
						{
							"key": "token",
							"value": "eyJhbGciOiJIUzI1NiIsInR5cCI6IkpXVCJ9.eyJ1c2VySWQiOjE1LCJpYXQiOjE3MDE4MzQ2NDIsImV4cCI6MTcwMTg3MDY0Mn0.CZSvCaJo2Tr_przmeWaQRCEKKep7GMzzJpF8sxpvAEA",
							"type": "string"
						}
					]
				},
				"method": "POST",
				"header": [],
				"body": {
					"mode": "raw",
					"raw": "{\r\n  \"category_id\": [18],\r\n  \"tld\": [\"com\"],\r\n  \"price\": {\r\n    \"min\": 0,\r\n    \"max\": 10000\r\n  },\r\n   \"language\": [\"en\"],\r\n   \"domain_name\":\"googl\"\r\n}",
					"options": {
						"raw": {
							"language": "json"
						}
					}
				},
				"url": {
					"raw": "localhost:3000/contentlinks",
					"host": [
						"localhost"
					],
					"port": "3000",
					"path": [
						"contentlinks"
					]
				}
			},
			"response": []
		},
		{
			"name": "Get Backlinks",
			"request": {
				"auth": {
					"type": "bearer",
					"bearer": [
						{
							"key": "token",
							"value": "eyJhbGciOiJIUzI1NiIsInR5cCI6IkpXVCJ9.eyJ1c2VySWQiOjE1LCJpYXQiOjE2OTcxODg0MDUsImV4cCI6MTY5NzIyNDQwNX0.Ubr6Xyqrsfu2LY7wrQPjW1Bl74CxVY5tXhMpuBDrZRM",
							"type": "string"
						}
					]
				},
				"method": "POST",
				"header": [],
				"url": {
					"raw": "localhost:3000/contentlinks",
					"host": [
						"localhost"
					],
					"port": "3000",
					"path": [
						"contentlinks"
					]
				}
			},
			"response": []
		},
		{
			"name": "New add order for Customer (like backlinks.com)",
			"request": {
				"auth": {
					"type": "bearer",
					"bearer": [
						{
							"key": "token",
							"value": "eyJhbGciOiJIUzI1NiIsInR5cCI6IkpXVCJ9.eyJ1c2VySWQiOjE1LCJpYXQiOjE2OTc1MTU5MDUsImV4cCI6MTY5NzU1MTkwNX0.qDBkIPdzrCqbtHkhJVSN9SJemvrXB88b7ckvgAsdRn4",
							"type": "string"
						}
					]
				},
				"method": "POST",
				"header": [],
				"body": {
					"mode": "raw",
					"raw": "  {\r\n    \"anchortext\": \"Click Here\",\r\n    \"linktarget\": \"https://www.example.com/test.html\",\r\n    \"publication_date\": \"2023-12-15\",\r\n    \"note\": \"test\",\r\n    \"project_id\": \"y8n78xoy\",\r\n    \"originalname\": \"Dummy.docx\",\r\n    \"filename\": \"textFile1697456552830.docx\"\r\n  }\r\n",
					"options": {
						"raw": {
							"language": "json"
						}
					}
				},
				"url": {
					"raw": "http://localhost:3000/order/vqxyvl9w/placeOrder",
					"protocol": "http",
					"host": [
						"localhost"
					],
					"port": "3000",
					"path": [
						"order",
						"vqxyvl9w",
						"placeOrder"
					]
				}
			},
			"response": []
		},
		{
			"name": "Get Publisher order list( received from customer)",
			"request": {
				"auth": {
					"type": "bearer",
					"bearer": [
						{
							"key": "token",
							"value": "eyJhbGciOiJIUzI1NiIsInR5cCI6IkpXVCJ9.eyJ1c2VySWQiOjExLCJpYXQiOjE3MDE3NDc4NTMsImV4cCI6MTcwMTc4Mzg1M30.4UiLVnuY15-SuKQ4-c-JNVa-7o7LK6ZKwe6gr0Pcxwc",
							"type": "string"
						}
					]
				},
				"method": "POST",
				"header": [],
				"body": {
					"mode": "raw",
					"raw": "{\r\n    \"status\": [\"Pending\"],\r\n    \"date\": {\r\n        \"min\": \"2023-11-30\",\r\n        \"max\": \"2023-11-30\"\r\n    },\r\n    \"search\": \"com\"\r\n}",
					"options": {
						"raw": {
							"language": "json"
						}
					}
				},
				"url": {
					"raw": "localhost:3000/publisher/orders",
					"host": [
						"localhost"
					],
					"port": "3000",
					"path": [
						"publisher",
						"orders"
					]
				}
			},
			"response": []
		},
		{
			"name": "Publisher update order status",
			"request": {
				"auth": {
					"type": "bearer",
					"bearer": [
						{
							"key": "token",
							"value": "eyJhbGciOiJIUzI1NiIsInR5cCI6IkpXVCJ9.eyJ1c2VySWQiOjExLCJpYXQiOjE2OTcwODU5NDUsImV4cCI6MTY5NzEyMTk0NX0.eyCbiFAJfEZ31fIj1O9HdfNo1YRBdGRh_FIQj5yDCiA",
							"type": "string"
						}
					]
				},
				"method": "POST",
				"header": [],
				"body": {
					"mode": "raw",
					"raw": "{\r\n    \"status\":\"Inprogress\"\r\n}",
					"options": {
						"raw": {
							"language": "json"
						}
					}
				},
				"url": {
					"raw": "localhost:3000/publisher/updateOrderStatus/2",
					"host": [
						"localhost"
					],
					"port": "3000",
					"path": [
						"publisher",
						"updateOrderStatus",
						"2"
					]
				}
			},
			"response": []
		},
		{
			"name": "Customer cancel order and refund amount in wallet",
			"request": {
				"auth": {
					"type": "bearer",
					"bearer": [
						{
							"key": "token",
							"value": "eyJhbGciOiJIUzI1NiIsInR5cCI6IkpXVCJ9.eyJ1c2VySWQiOjE1LCJpYXQiOjE2OTcxMTIwNjQsImV4cCI6MTY5NzE0ODA2NH0.c4kzWy-56GQqFd5wqOVuNHTNbEy5ReqbJyyRaoFtDhI",
							"type": "string"
						}
					]
				},
				"method": "GET",
				"header": [],
				"url": {
					"raw": "localhost:3000/order/cancelOrder/14",
					"host": [
						"localhost"
					],
					"port": "3000",
					"path": [
						"order",
						"cancelOrder",
						"14"
					]
				}
			},
			"response": []
		},
		{
			"name": "user get all Order",
			"request": {
				"auth": {
					"type": "bearer",
					"bearer": [
						{
							"key": "token",
							"value": "eyJhbGciOiJIUzI1NiIsInR5cCI6IkpXVCJ9.eyJ1c2VySWQiOjE1LCJpYXQiOjE2OTc0Mzk3MTgsImV4cCI6MTY5NzQ3NTcxOH0.0p4g9SZygNDwa1JxpRPaVI4HgtJpBEjIj05PEyorJU8",
							"type": "string"
						}
					]
				},
				"method": "POST",
				"header": [],
				"body": {
					"mode": "raw",
					"raw": "{\r\n    /* below code use for filter to get orders */\r\n    // \"status\": [\"Inprogress\"],\r\n    // \"date\": {\r\n    //     \"min\": \"2023-10-11\",\r\n    //     \"max\": \"2023-10-16\"\r\n    // },\r\n    // \"search\": \"test\",\r\n    // \"project_id\": [\r\n    //     \"y8n78xoy\"\r\n    // ]\r\n}",
					"options": {
						"raw": {
							"language": "json"
						}
					}
				},
				"url": {
					"raw": "localhost:3000/user/orders",
					"host": [
						"localhost"
					],
					"port": "3000",
					"path": [
						"user",
						"orders"
					]
				}
			},
			"response": []
		},
		{
			"name": "get User(customer) Single domain ",
			"request": {
				"auth": {
					"type": "bearer",
					"bearer": [
						{
							"key": "token",
							"value": "eyJhbGciOiJIUzI1NiIsInR5cCI6IkpXVCJ9.eyJ1c2VySWQiOjE1LCJpYXQiOjE2OTc0Mzk3MTgsImV4cCI6MTY5NzQ3NTcxOH0.0p4g9SZygNDwa1JxpRPaVI4HgtJpBEjIj05PEyorJU8",
							"type": "string"
						}
					]
				},
				"method": "GET",
				"header": [],
				"url": {
					"raw": "localhost:3000/user/domain/nezrcrlx",
					"host": [
						"localhost"
					],
					"port": "3000",
					"path": [
						"user",
						"domain",
						"nezrcrlx"
					]
				}
			},
			"response": []
		},
		{
			"name": "get Publisher Single domain ",
			"request": {
				"auth": {
					"type": "bearer",
					"bearer": [
						{
							"key": "token",
							"value": "eyJhbGciOiJIUzI1NiIsInR5cCI6IkpXVCJ9.eyJ1c2VySWQiOjExLCJpYXQiOjE3MDIwMzAxNjYsImV4cCI6MTcwMjA2NjE2Nn0.9aNz9l_Rfo7tVGwDQNWbufz6vaoL1Yt_NbvmAOkUwW4",
							"type": "string"
						}
					]
				},
				"method": "GET",
				"header": [],
				"url": {
					"raw": "localhost:3000/publisher/domain/z5cirixk",
					"host": [
						"localhost"
					],
					"port": "3000",
					"path": [
						"publisher",
						"domain",
						"z5cirixk"
					]
				}
			},
			"response": []
		},
		{
			"name": "Upload order text file",
			"request": {
				"auth": {
					"type": "bearer",
					"bearer": [
						{
							"key": "token",
							"value": "eyJhbGciOiJIUzI1NiIsInR5cCI6IkpXVCJ9.eyJ1c2VySWQiOjE1LCJpYXQiOjE2OTc0Mzk3MTgsImV4cCI6MTY5NzQ3NTcxOH0.0p4g9SZygNDwa1JxpRPaVI4HgtJpBEjIj05PEyorJU8",
							"type": "string"
						}
					]
				},
				"method": "POST",
				"header": [],
				"body": {
					"mode": "formdata",
					"formdata": [
						{
							"key": "file",
							"type": "file",
							"src": "/C:/Users/rjnag/Downloads/Dummy.docx"
						}
					]
				},
				"url": {
					"raw": "localhost:3000/files",
					"host": [
						"localhost"
					],
					"port": "3000",
					"path": [
						"files"
					]
				}
			},
			"response": []
		},
		{
			"name": "Add to cart",
			"request": {
				"auth": {
					"type": "bearer",
					"bearer": [
						{
							"key": "token",
							"value": "eyJhbGciOiJIUzI1NiIsInR5cCI6IkpXVCJ9.eyJ1c2VySWQiOjE1LCJpYXQiOjE2OTc1MTU5MDUsImV4cCI6MTY5NzU1MTkwNX0.qDBkIPdzrCqbtHkhJVSN9SJemvrXB88b7ckvgAsdRn4",
							"type": "string"
						}
					]
				},
				"method": "POST",
				"header": [],
				"url": {
					"raw": "localhost:3000/user/cart/add-item/vqxyvl9w",
					"host": [
						"localhost"
					],
					"port": "3000",
					"path": [
						"user",
						"cart",
						"add-item",
						"vqxyvl9w"
					]
				}
			},
			"response": []
		},
		{
			"name": "Delete item from cart",
			"request": {
				"auth": {
					"type": "bearer",
					"bearer": [
						{
							"key": "token",
							"value": "eyJhbGciOiJIUzI1NiIsInR5cCI6IkpXVCJ9.eyJ1c2VySWQiOjE1LCJpYXQiOjE2OTc1MTU5MDUsImV4cCI6MTY5NzU1MTkwNX0.qDBkIPdzrCqbtHkhJVSN9SJemvrXB88b7ckvgAsdRn4",
							"type": "string"
						}
					]
				},
				"method": "DELETE",
				"header": [],
				"url": {
					"raw": "localhost:3000/user/cart/gak7bsgur",
					"host": [
						"localhost"
					],
					"port": "3000",
					"path": [
						"user",
						"cart",
						"gak7bsgur"
					]
				}
			},
			"response": []
		},
		{
			"name": "Get Cart ",
			"request": {
				"auth": {
					"type": "bearer",
					"bearer": [
						{
							"key": "token",
							"value": "eyJhbGciOiJIUzI1NiIsInR5cCI6IkpXVCJ9.eyJ1c2VySWQiOjE1LCJpYXQiOjE2OTc1MTU5MDUsImV4cCI6MTY5NzU1MTkwNX0.qDBkIPdzrCqbtHkhJVSN9SJemvrXB88b7ckvgAsdRn4",
							"type": "string"
						}
					]
				},
				"method": "GET",
				"header": [],
				"url": {
					"raw": "localhost:3000/user/cart",
					"host": [
						"localhost"
					],
					"port": "3000",
					"path": [
						"user",
						"cart"
					]
				}
			},
			"response": []
		},
		{
			"name": "Cart place order",
			"request": {
				"auth": {
					"type": "bearer",
					"bearer": [
						{
							"key": "token",
							"value": "eyJhbGciOiJIUzI1NiIsInR5cCI6IkpXVCJ9.eyJ1c2VySWQiOjE1LCJpYXQiOjE2OTc1MTU5MDUsImV4cCI6MTY5NzU1MTkwNX0.qDBkIPdzrCqbtHkhJVSN9SJemvrXB88b7ckvgAsdRn4",
							"type": "string"
						}
					]
				},
				"method": "POST",
				"header": [],
				"body": {
					"mode": "raw",
					"raw": "[\r\n    {\r\n    \"hash_id\":\"vqxyvl9w\",\r\n    \"anchortext\": \"Click Here\",\r\n    \"linktarget\": \"https://www.example.com/test.html\",\r\n    \"publication_date\": \"2023-12-15\",\r\n    \"note\": \"test\",\r\n    \"project_id\": \"y8n78xoy\",\r\n    \"originalname\": \"Dummy.docx\",\r\n    \"filename\": \"textFile1697455999388.docx\"\r\n  },\r\n  {\r\n    \"hash_id\":\"vqxyvl9w\",\r\n    \"anchortext\": \"Click Here\",\r\n    \"linktarget\": \"https://www.example.com/test.html\",\r\n    \"publication_date\": \"2023-12-15\",\r\n    \"note\": \"test\",\r\n    \"project_id\": \"y8n78xoy\",\r\n    \"originalname\": \"Dummy.docx\",\r\n    \"filename\": \"textFile1697456552830.docx\"\r\n  }\r\n]",
					"options": {
						"raw": {
							"language": "json"
						}
					}
				},
				"url": {
					"raw": "localhost:3000/order/cart/order",
					"host": [
						"localhost"
					],
					"port": "3000",
					"path": [
						"order",
						"cart",
						"order"
					]
				}
			},
			"response": []
		},
		{
			"name": "View single Backlinks data",
			"request": {
				"auth": {
					"type": "bearer",
					"bearer": [
						{
							"key": "token",
							"value": "eyJhbGciOiJIUzI1NiIsInR5cCI6IkpXVCJ9.eyJ1c2VySWQiOjE1LCJpYXQiOjE2OTkzMzk4MjAsImV4cCI6MTY5OTM3NTgyMH0.1QJ9dUB4ERWyaqxFea838CcZvQpKWnuBhAn7Ww9iHq8",
							"type": "string"
						}
					]
				},
				"method": "GET",
				"header": [],
				"url": {
					"raw": "http://localhost:3000/contentlinks/z5cirixk",
					"protocol": "http",
					"host": [
						"localhost"
					],
					"port": "3000",
					"path": [
						"contentlinks",
						"z5cirixk"
					]
				}
			},
			"response": []
		},
		{
			"name": "Update email",
			"request": {
				"auth": {
					"type": "bearer",
					"bearer": [
						{
							"key": "token",
							"value": "eyJhbGciOiJIUzI1NiIsInR5cCI6IkpXVCJ9.eyJ1c2VySWQiOjE1LCJpYXQiOjE3MDExNTE2OTYsImV4cCI6MTcwMTE4NzY5Nn0.ScH0fuOzXqctAkFyWji4jol6yNzgQKLAk3onzMYH3uo",
							"type": "string"
						}
					]
				},
				"method": "PATCH",
				"header": [],
				"body": {
					"mode": "raw",
					"raw": "{\r\n    \"email\":\"frontside@mail.com\",\r\n    \"password\":\"123456\"\r\n}",
					"options": {
						"raw": {
							"language": "json"
						}
					}
				},
				"url": {
					"raw": "http://localhost:3000/account/user/email",
					"protocol": "http",
					"host": [
						"localhost"
					],
					"port": "3000",
					"path": [
						"account",
						"user",
						"email"
					]
				}
			},
			"response": []
		},
		{
			"name": "User billing Setting update",
			"request": {
				"auth": {
					"type": "bearer",
					"bearer": [
						{
							"key": "token",
							"value": "eyJhbGciOiJIUzI1NiIsInR5cCI6IkpXVCJ9.eyJ1c2VySWQiOjE1LCJpYXQiOjE3MDExNTE2OTYsImV4cCI6MTcwMTE4NzY5Nn0.ScH0fuOzXqctAkFyWji4jol6yNzgQKLAk3onzMYH3uo",
							"type": "string"
						}
					]
				},
				"method": "PATCH",
				"header": [],
				"body": {
					"mode": "raw",
					"raw": "{\r\n    \"bulk_invoice\":false,\r\n    \"invoice_email\":\"invoice@mail.com\"\r\n}",
					"options": {
						"raw": {
							"language": "json"
						}
					}
				},
				"url": {
					"raw": "http://localhost:3000/account/user/billingSetting",
					"protocol": "http",
					"host": [
						"localhost"
					],
					"port": "3000",
					"path": [
						"account",
						"user",
						"billingSetting"
					]
				}
			},
			"response": []
		},
		{
			"name": "New Order text file delete",
			"request": {
				"auth": {
					"type": "bearer",
					"bearer": [
						{
							"key": "token",
							"value": "eyJhbGciOiJIUzI1NiIsInR5cCI6IkpXVCJ9.eyJ1c2VySWQiOjE1LCJpYXQiOjE3MDEzMTUyOTAsImV4cCI6MTcwMTM1MTI5MH0.G2C0cPm_EElofmRCu-tuAQlKI9Src1XDCGcuVTEAJhc",
							"type": "string"
						}
					]
				},
				"method": "GET",
				"header": [],
				"url": {
					"raw": "localhost:3000/files/delete/:filename",
					"host": [
						"localhost"
					],
					"port": "3000",
					"path": [
						"files",
						"delete",
						":filename"
					],
					"variable": [
						{
							"key": "filename",
							"value": ""
						}
					]
				}
			},
			"response": []
		},
		{
			"name": "User add amount in wallet (for testing)",
			"request": {
				"auth": {
					"type": "bearer",
					"bearer": [
						{
							"key": "token",
							"value": "eyJhbGciOiJIUzI1NiIsInR5cCI6IkpXVCJ9.eyJ1c2VySWQiOjE1LCJpYXQiOjE3MDE0MTg0MDEsImV4cCI6MTcwMTQ1NDQwMX0.VA5oQFEgibXf0xqIfunQeKvnD9T6nqGv927AIkIE1KI",
							"type": "string"
						}
					]
				},
				"method": "POST",
				"header": [],
				"body": {
					"mode": "raw",
					"raw": "{\r\n    \"amount\":500\r\n}",
					"options": {
						"raw": {
							"language": "json"
						}
					}
				},
				"url": {
					"raw": "localhost:3000/user/static/amount",
					"host": [
						"localhost"
					],
					"port": "3000",
					"path": [
						"user",
						"static",
						"amount"
					]
				}
			},
			"response": []
		},
		{
			"name": "Publisher excel file upload for domain add",
			"request": {
				"auth": {
					"type": "bearer",
					"bearer": [
						{
							"key": "token",
							"value": "eyJhbGciOiJIUzI1NiIsInR5cCI6IkpXVCJ9.eyJ1c2VySWQiOjExLCJpYXQiOjE3MDE2NjkyMzQsImV4cCI6MTcwMTcwNTIzNH0.g__xfBOOmp6SBClJmxJvB5X4WbofHXzPko67orADOpI",
							"type": "string"
						}
					]
				},
				"method": "POST",
				"header": [],
				"body": {
					"mode": "formdata",
					"formdata": [
						{
							"key": "fileData",
							"type": "file",
							"src": "/C:/Users/rjnag/Downloads/sample_excel (2).xlsx"
						}
					]
				},
				"url": {
					"raw": "http://localhost:3000/publisher/domain/excelUpload",
					"protocol": "http",
					"host": [
						"localhost"
					],
					"port": "3000",
					"path": [
						"publisher",
						"domain",
						"excelUpload"
					]
				}
			},
			"response": []
		},
		{
			"name": "Publisher Single Order view ",
			"request": {
				"auth": {
					"type": "bearer",
					"bearer": [
						{
							"key": "token",
							"value": "eyJhbGciOiJIUzI1NiIsInR5cCI6IkpXVCJ9.eyJ1c2VySWQiOjExLCJpYXQiOjE3MDE3NDc4NTMsImV4cCI6MTcwMTc4Mzg1M30.4UiLVnuY15-SuKQ4-c-JNVa-7o7LK6ZKwe6gr0Pcxwc",
							"type": "string"
						}
					]
				},
				"method": "GET",
				"header": [],
				"url": {
					"raw": "localhost:3000/publisher/order/view/1",
					"host": [
						"localhost"
					],
					"port": "3000",
					"path": [
						"publisher",
						"order",
						"view",
						"1"
					]
				}
			},
			"response": []
		},
		{
			"name": "User single Order view",
			"request": {
				"auth": {
					"type": "bearer",
					"bearer": [
						{
							"key": "token",
							"value": "eyJhbGciOiJIUzI1NiIsInR5cCI6IkpXVCJ9.eyJ1c2VySWQiOjE1LCJpYXQiOjE3MDE3NDc4ODAsImV4cCI6MTcwMTc4Mzg4MH0.kdTRcThNtCjS6FhXq2n7MAgHK1y1GtoqYkxFM3480cQ",
							"type": "string"
						}
					]
				},
				"method": "GET",
				"header": [],
				"url": {
					"raw": "localhost:3000/user/order/view/1",
					"host": [
						"localhost"
					],
					"port": "3000",
					"path": [
						"user",
						"order",
						"view",
						"1"
					]
				}
			},
			"response": []
		},
		{
			"name": "user project update budget",
			"request": {
				"auth": {
					"type": "bearer",
					"bearer": [
						{
							"key": "token",
							"value": "eyJhbGciOiJIUzI1NiIsInR5cCI6IkpXVCJ9.eyJ1c2VySWQiOjE1LCJpYXQiOjE3MDIwMDY4ODQsImV4cCI6MTcwMjA0Mjg4NH0.R7SvXRA7fuNwwVV_FFngcVpmSNJlubRzZITJi3JKAoA",
							"type": "string"
						}
					]
				},
				"method": "POST",
				"header": [],
				"body": {
					"mode": "raw",
					"raw": "{\r\n    \"amount\":20,\r\n    \"id\":2,\r\n    \"hash_id\":\"pnhtw15k\"\r\n}",
					"options": {
						"raw": {
							"language": "json"
						}
					}
				},
				"url": {
					"raw": "localhost:3000/user/project/budget",
					"host": [
						"localhost"
					],
					"port": "3000",
					"path": [
						"user",
						"project",
						"budget"
					]
				}
			},
			"response": []
		},
		{
			"name": "Publisher message menu",
			"request": {
				"auth": {
					"type": "bearer",
					"bearer": [
						{
							"key": "token",
							"value": "eyJhbGciOiJIUzI1NiIsInR5cCI6IkpXVCJ9.eyJ1c2VySWQiOjExLCJpYXQiOjE3MDI0NjE0MDYsImV4cCI6MTcwMjQ5NzQwNn0.YyYVNPhOu37e8iEjgL4oRI0yRV8QVg0GP4S3GAZyLV0",
							"type": "string"
						}
					]
				},
				"method": "GET",
				"header": [],
				"url": {
					"raw": "localhost:3000/publisher/message/list",
					"host": [
						"localhost"
					],
					"port": "3000",
					"path": [
						"publisher",
						"message",
						"list"
					]
				}
			},
			"response": []
		},
		{
			"name": "Admin single order view",
			"request": {
				"auth": {
					"type": "bearer",
					"bearer": [
						{
							"key": "token",
							"value": "eyJhbGciOiJIUzI1NiIsInR5cCI6IkpXVCJ9.eyJ1c2VySWQiOjIsImlhdCI6MTcwMjUzMzAzNCwiZXhwIjoxNzAyNTY5MDM0fQ.Hfs2tNk-5X8nJI9V7yX4rqq2SGVB0xmkbiNDY_paq9U",
							"type": "string"
						}
					]
				},
				"method": "GET",
				"header": [],
				"url": {
					"raw": "http://localhost:3000/admin/order/view/10",
					"protocol": "http",
					"host": [
						"localhost"
					],
					"port": "3000",
					"path": [
						"admin",
						"order",
						"view",
						"10"
					]
				}
			},
			"response": []
		},
		{
			"name": "Admin view project(domain)",
			"request": {
				"auth": {
					"type": "bearer",
					"bearer": [
						{
							"key": "token",
							"value": "eyJhbGciOiJIUzI1NiIsInR5cCI6IkpXVCJ9.eyJ1c2VySWQiOjIsImlhdCI6MTcwMjYxMTg5MywiZXhwIjoxNzAyNjQ3ODkzfQ.pZ7wSnhml2CIQZ8Lb0-dvzoGVR_brz4-pr14LlMYpXY",
							"type": "string"
						}
					]
				},
				"method": "GET",
				"header": [],
				"url": {
					"raw": "http://localhost:3000/admin/project/nezrcrlx",
					"protocol": "http",
					"host": [
						"localhost"
					],
					"port": "3000",
					"path": [
						"admin",
						"project",
						"nezrcrlx"
					]
				}
			},
			"response": []
		},
		{
			"name": "Admin plan status update",
			"request": {
				"auth": {
					"type": "bearer",
					"bearer": [
						{
							"key": "token",
							"value": "eyJhbGciOiJIUzI1NiIsInR5cCI6IkpXVCJ9.eyJ1c2VySWQiOjIsImlhdCI6MTcwMjYxMTg5MywiZXhwIjoxNzAyNjQ3ODkzfQ.pZ7wSnhml2CIQZ8Lb0-dvzoGVR_brz4-pr14LlMYpXY",
							"type": "string"
						}
					]
				},
				"method": "GET",
				"header": [],
				"url": {
					"raw": "http://localhost:3000/admin/plan/update/3/0",
					"protocol": "http",
					"host": [
						"localhost"
					],
					"port": "3000",
					"path": [
						"admin",
						"plan",
						"update",
						"3",
						"0"
					]
				}
			},
			"response": []
		},
		{
			"name": "Get user wallet balance",
			"request": {
				"auth": {
					"type": "bearer",
					"bearer": [
						{
							"key": "token",
							"value": "eyJhbGciOiJIUzI1NiIsInR5cCI6IkpXVCJ9.eyJ1c2VySWQiOjE1LCJpYXQiOjE3MDI5MDIyNjIsImV4cCI6MTcwMjkzODI2Mn0.PD3SER98qb7UmjI5bAVjH3Mqffxy12DjRy3PPjXzD60",
							"type": "string"
						}
					]
				},
				"method": "GET",
				"header": [],
				"url": {
					"raw": "http://localhost:3000/user/get/balance",
					"protocol": "http",
					"host": [
						"localhost"
					],
					"port": "3000",
					"path": [
						"user",
						"get",
						"balance"
					]
				}
			},
			"response": []
		},
		{
			"name": "Link bundle order to check avialable balance",
			"request": {
				"auth": {
					"type": "bearer",
					"bearer": [
						{
							"key": "token",
							"value": "eyJhbGciOiJIUzI1NiIsInR5cCI6IkpXVCJ9.eyJ1c2VySWQiOjE1LCJpYXQiOjE3MDI5NjM1OTgsImV4cCI6MTcwMjk5OTU5OH0.4WKWAGuEJ5KIjcbz8w-qT9PbyZKL6-MVy4LG0QWt5zw",
							"type": "string"
						}
					]
				},
				"method": "GET",
				"header": [],
				"url": {
					"raw": "http://localhost:3000/linkBundle/3/check",
					"protocol": "http",
					"host": [
						"localhost"
					],
					"port": "3000",
					"path": [
						"linkBundle",
						"3",
						"check"
					]
				}
			},
			"response": []
		},
		{
			"name": "Stripe payment response handle api",
			"request": {
				"auth": {
					"type": "bearer",
					"bearer": [
						{
							"key": "token",
							"value": "eyJhbGciOiJIUzI1NiIsInR5cCI6IkpXVCJ9.eyJ1c2VySWQiOjE1LCJpYXQiOjE3MDI5NjM1OTgsImV4cCI6MTcwMjk5OTU5OH0.4WKWAGuEJ5KIjcbz8w-qT9PbyZKL6-MVy4LG0QWt5zw",
							"type": "string"
						}
					]
				},
				"method": "POST",
				"header": [],
				"url": {
					"raw": "http://localhost:3000/paymentRespone/pi_3OPfljSC7x5vD10M08tTpodI",
					"protocol": "http",
					"host": [
						"localhost"
					],
					"port": "3000",
					"path": [
						"paymentRespone",
						"pi_3OPfljSC7x5vD10M08tTpodI"
					]
				}
			},
			"response": []
		},
		{
			"name": "Publisher export order data as CSV file",
			"request": {
				"auth": {
					"type": "bearer",
					"bearer": [
						{
							"key": "token",
							"value": "eyJhbGciOiJIUzI1NiIsInR5cCI6IkpXVCJ9.eyJ1c2VySWQiOjUzLCJpYXQiOjE3MDYyNjczNDEsImV4cCI6MTcwNjMwMzM0MX0.D_7VYciS8I1qdKpkU8OvOt8Q9bSMbfioEzl6yU1K1AA",
							"type": "string"
						}
					]
				},
				"method": "GET",
				"header": [],
				"url": {
					"raw": "http://localhost:3000/publisher/orders/export",
					"protocol": "http",
					"host": [
						"localhost"
					],
					"port": "3000",
					"path": [
						"publisher",
						"orders",
						"export"
					]
				}
			},
			"response": []
		},
		{
			"name": "Download order text file protected api",
			"request": {
				"auth": {
					"type": "bearer",
					"bearer": [
						{
							"key": "token",
							"value": "eyJhbGciOiJIUzI1NiIsInR5cCI6IkpXVCJ9.eyJ1c2VySWQiOjUzLCJpYXQiOjE3MDY1MjQ5NjAsImV4cCI6MTcwNjU2MDk2MH0.n-AcZGxz0MBb07Upzde2_Wtl5gZd7_ybgpTPapo6_hA",
							"type": "string"
						}
					]
				},
				"method": "GET",
				"header": [],
				"url": {
					"raw": "http://localhost:3000/file-download/textFile1703047342557.docx/2",
					"protocol": "http",
					"host": [
						"localhost"
					],
					"port": "3000",
					"path": [
						"file-download",
						"textFile1703047342557.docx",
						"2"
					]
				}
			},
			"response": []
		},
		{
			"name": "Publisher get unread messagecount",
			"request": {
				"auth": {
					"type": "bearer",
					"bearer": [
						{
							"key": "token",
							"value": "eyJhbGciOiJIUzI1NiIsInR5cCI6IkpXVCJ9.eyJ1c2VySWQiOjUzLCJpYXQiOjE3MDY3MDMyNTQsImV4cCI6MTcwNjczOTI1NH0.TW-zJCKXADcCzVHhMlnpUqhuHHkvjiJTxIM-nA471NQ",
							"type": "string"
						}
					]
				},
				"method": "GET",
				"header": [],
				"url": {
					"raw": "http://localhost:3000/publisher/message/unread",
					"protocol": "http",
					"host": [
						"localhost"
					],
					"port": "3000",
					"path": [
						"publisher",
						"message",
						"unread"
					]
				}
			},
			"response": []
		},
		{
			"name": "Publisher order message as read",
			"request": {
				"auth": {
					"type": "bearer",
					"bearer": [
						{
							"key": "token",
							"value": "eyJhbGciOiJIUzI1NiIsInR5cCI6IkpXVCJ9.eyJ1c2VySWQiOjUzLCJpYXQiOjE3MDY3MDMyNTQsImV4cCI6MTcwNjczOTI1NH0.TW-zJCKXADcCzVHhMlnpUqhuHHkvjiJTxIM-nA471NQ",
							"type": "string"
						}
					]
				},
				"method": "GET",
				"header": [],
				"url": {
					"raw": "http://localhost:3000/publisher/message/read/:order_id",
					"protocol": "http",
					"host": [
						"localhost"
					],
					"port": "3000",
					"path": [
						"publisher",
						"message",
						"read",
						":order_id"
					],
					"variable": [
						{
							"key": "order_id",
							"value": ""
						}
					]
				}
			},
			"response": []
		},
		{
			"name": "Get admin Setting like VAT",
			"request": {
				"auth": {
					"type": "bearer",
					"bearer": [
						{
							"key": "token",
							"value": "eyJhbGciOiJIUzI1NiIsInR5cCI6IkpXVCJ9.eyJ1c2VySWQiOjIsImlhdCI6MTcwNjc2Mzk2NiwiZXhwIjoxNzA2Nzk5OTY2fQ.Dy6O_bl6LrjdHVhfKxfhexiphuVPQQ8FdmruWFuxejM",
							"type": "string"
						}
					]
				},
				"method": "GET",
				"header": [],
				"url": {
					"raw": "http://localhost:3000/get-settings",
					"protocol": "http",
					"host": [
						"localhost"
					],
					"port": "3000",
					"path": [
						"get-settings"
					]
				}
			},
			"response": []
		},
		{
			"name": "Admin get all transaction ",
			"request": {
				"auth": {
					"type": "bearer",
					"bearer": [
						{
							"key": "token",
							"value": "eyJhbGciOiJIUzI1NiIsInR5cCI6IkpXVCJ9.eyJ1c2VySWQiOjIsImlhdCI6MTcwNzM2MzA1MCwiZXhwIjoxNzA3Mzk5MDUwfQ.D755DjUq8DZ5I_DC4rJyRnDLHH_n0pCtAhLUg6GreFs",
							"type": "string"
						}
					]
				},
				"method": "GET",
				"header": [],
				"url": {
					"raw": "http://localhost:3000/admin/transactionHistory",
					"protocol": "http",
					"host": [
						"localhost"
					],
					"port": "3000",
					"path": [
						"admin",
						"transactionHistory"
					]
				}
			},
			"response": []
		},
		{
			"name": "Publisher get transaction ",
			"request": {
				"auth": {
					"type": "bearer",
					"bearer": [
						{
							"key": "token",
							"value": "eyJhbGciOiJIUzI1NiIsInR5cCI6IkpXVCJ9.eyJ1c2VySWQiOjUzLCJpYXQiOjE3MDczNjQ2NjEsImV4cCI6MTcwNzQwMDY2MX0.wRc2Nr3WFbKO-tZNKGu3BJCULjmiY4CIcqAUuzvzbmY",
							"type": "string"
						}
					]
				},
				"method": "GET",
				"header": [],
				"url": {
					"raw": "http://localhost:3000/publisher/transactionHistory",
					"protocol": "http",
					"host": [
						"localhost"
					],
					"port": "3000",
					"path": [
						"publisher",
						"transactionHistory"
					]
				}
			},
			"response": []
		}
	]
}